file_stem,relative_path
00002016,_win/
00004ad1,_win/
000062b9,_win/
00006739,_win/
0000c4dd,_win/
0000c4dd_d0bf2476e36b7e6db64e892154845abf,_win/
0000f06e,_win/
00012016,_win/
00022016,_win/
00024ad1,_win/
0002936b,_win/
0002cca2,_win/
00032016,_win/
000382c8,_win/
000385a3,_win/
0003c3de,_win/
0003c3de_59747dd0818a4f3d78cd7938115b9093,_win/
00042016,_win/
000430f2,_win/
00052016,_win/
00058f79,_win/
00062016,_win/
00065bbe,_win/
00068f79,_win/
00072016,_win/
00075bbe,_win/
00078f79,_win/
0007bc34,_win/
00082016,_win/
00085bbe,_win/
00085d1e,_win/
000897ee,_win/
0008bc34,_win/
00096be0,_win/
0009bc34,_win/
0009bc34_b930b4499997afc4e26e408ea169f9c7,_win/
0009eb6f,_win/
0009f56f,_win/
0009f66f,_win/
000a8fc0,_win/
000aa7de,_win/
000b7011,_win/
000c59bf,_win/
000cc716,_win/
000ccd6b,_win/
000e1a61,_win/
000ebe38,_win/
000f0073,_win/
000fe672,_win/
000fe6f2,_win/
000fe772,_win/
00100d1b,_win/
001087b3,_win/
0010e123,_win/
001187b3,_win/
0012e9ed,_win/
0013486e,_win/
0013547f,_win/
0014547f,_win/
001463f1,_win/
0014b79b,_win/
0014c79b,_win/
0015547f,_win/
00158927,_win/
0015d707,_win/
0015d707_cd82fa959c0f81d19f22c0b0fdf8d230,_win/
0016852b,_win/
0016bbf5,_win/
0016cb7f,_win/
0017bbf5,_win/
00180189,_win/
001a8739,_win/
001a8739_9b95ed97d41ce0c9da24766f77e0bf35,_win/
001bb358,_win/
001cd071,_win/
001f2016,_win/
00202016,_win/
00207af5,_win/
0020c7c1,_win/
0020e3c2,_win/
0020fb52,_win/
00212016,_win/
0021e3c2,_win/
00222016,_win/
0022e3c2,_win/
00232016,_win/
00232162,_win/
002387da,_win/
00238df3,_win/
0023ace3,_win/
00242016,_win/
00248df3,_win/
002515dc,_win/
00252016,_win/
00253181,_win/
00262016,_win/
00265522,_win/
0026f2fc,_win/
00272016,_win/
00273921,_win/
0027ccec,_win/
002be6b0,_win/
002c9415,_win/
002ca269,_win/
002ca269_3ad823d6b15d2e0656bc022f9ae4d1ed,_win/
002ceb42,_win/
002d83df,_win/
002d83df_d6d6e25cebf411fbdc10afdc75e6c763,_win/
002d83e0,_win/
002d83e0_fe14aedf8aead9e025a71608da78f12d,_win/
002d83e1,_win/
002d83e2,_win/
002d83e3,_win/
002d83e4,_win/
002d83e5,_win/
002db10a,_win/
002e7dde,_win/
002e7ddf,_win/
002e7de0,_win/
002e7de3,_win/
002e7de4,_win/
002e7de5,_win/
002e7dff,_win/
002e8486,_win/
002eb6f9,_win/
002ee672,_win/
002ee6f2,_win/
002ee772,_win/
002f0bd0,_win/
002f1bd0,_win/
002f2bd0,_win/
002f3bd0,_win/
002f4bd0,_win/
002f5bd0,_win/
002f6bd0,_win/
002f7bd0,_win/
002f8bd0,_win/
002fc581,_win/
00304ad1,_win/
00304bad,_win/
00304bdd,_win/
0030e529,_win/
0030f164,_win/
0030fbd0,_win/
00310ae2,_win/
00310bd0,_win/
00311bd0,_win/
00312bd0,_win/
00313bd0,_win/
00314bd0,_win/
00314bdb,_win/
003155d8,_win/
00315bd0,_win/
00316bd0,_win/
00317bd0,_win/
00318bd0,_win/
0031ead8,_win/
00324ad1,_win/
0032ead8,_win/
0032fbd0,_win/
00330bd0,_win/
00331bd0,_win/
00332bd0,_win/
00333bd0,_win/
00334bd0,_win/
00335bd0,_win/
00336bd0,_win/
00337bd0,_win/
00338bd0,_win/
00344ad1,_win/
0034852b,_win/
0034fbd0,_win/
00350bd0,_win/
00351bd0,_win/
00352bd0,_win/
00353bd0,_win/
00354bd0,_win/
00355bd0,_win/
00356bd0,_win/
00357bd0,_win/
003587ad,_win/
00358bd0,_win/
00364ad1,_win/
00367807,_win/
0036ea81,_win/
0036fbd0,_win/
00370bd0,_win/
00371bd0,_win/
00372bd0,_win/
00373bd0,_win/
00374bd0,_win/
0037502a,_win/
0037513a,_win/
00375bd0,_win/
00376bd0,_win/
00380922,_win/
00384ad1,_win/
0038e7a7,_win/
0038f08e,_win/
0038f2a7,_win/
0038f2a7_09a2e59f677ae755c7156ae89bea86a9,_win/
0038f2a7_506b55e6b21d5eaec73ca5aa5ffb9a36,_win/
0038f2a7_be3ef19531b3a85625ef614280f2874c,_win/
003954fa,_win/
003997fd,_win/
003997fd_58fcdefef3f7eda79d7e4a9f65f040ed,_win/
0039af8a,_win/
003a4ad1,_win/
003a8d29,_win/
003aa501,_win/
003c4ad1,_win/
003c8502,_win/
003d8502,_win/
003e4ad1,_win/
003e8502,_win/
003e9364,_win/
003f0404,_win/
003f8502,_win/
003fc7c9,_win/
00404ad1,_win/
00408502,_win/
0040cd15,_win/
0040eac3,_win/
00418502,_win/
0041eac3,_win/
00424ad1,_win/
00427069,_win/
00428502,_win/
0042eac3,_win/
0043eac3,_win/
00443f1d,_win/
00445c5a,_win/
00453f1d,_win/
004579c8,_win/
00459114,_win/
004613c2,_win/
00463f1d,_win/
00469114,_win/
00470ccd,_win/
00470d4d,_win/
00470dcd,_win/
004750b0,_win/
004750b0_b04d2410ad3d8dfa5e0f135d4c15d11e,_win/
004767e5,_win/
00479114,_win/
00481d9d,_win/
004827bc,_win/
0048283c,_win/
004828bc,_win/
0048293c,_win/
004829bc,_win/
00482abc,_win/
00482b3c,_win/
004836bc,_win/
0048373c,_win/
004867e5,_win/
00487b63,_win/
00491714,_win/
00491d9d,_win/
004967e5,_win/
00497b63,_win/
004a67e5,_win/
004a7b63,_win/
004acd8a,_win/
004b2a01,_win/
004b67e5,_win/
004b7b63,_win/
004c1d9d,_win/
004c67e5,_win/
004c943d,_win/
004c9773,_win/
004cb10a,_win/
004cf0ba,_win/
004d1d9d,_win/
004d3971,_win/
004dd2d1,_win/
004e6292,_win/
004e93c9,_win/
004f1d9d,_win/
004f1d9d_86994cb2425e706d85d38eb0d74da538,_win/
004fb78a,_win/
004fc78a,_win/
00501d9d,_win/
00501d9d_1914ca0e502000992f2d09f0b7a86868,_win/
0050bfc5,_win/
005155d8,_win/
0051a133,_win/
0051b133,_win/
005255d8,_win/
0052f1a8,_win/
005355d8,_win/
0053852b,_win/
0053d14e,_win/
0053d891,_win/
005480d6,_win/
0055b270,_win/
0055e1c2,_win/
0056e1c2,_win/
00585d21,_win/
0059975e,_win/
005be756,_win/
005d4f23,_win/
005d4f23_b39e4e9a25db3103157377fb4b8b0fec,_win/
005d8f6f,_win/
005db736,_win/
005ef82e,_win/
005fbe37,_win/
005ff82e,_win/
005ff82e_177b36c205877f0112c491da63538970,_win/
005ff82e_f97787dc7fe63e42e80355f33d14a0d4,_win/
0060f82e,_win/
0060f82e_0264bded5e12e838c3912158a2f4d769,_win/
0060f82e_374e8e111c7b80fe71fb8546dc332f00,_win/
0061f82e,_win/
0061f82e_56a2e72ba853ea67570ccd655ca9d447,_win/
0061f82e_ca18611ab4a038674f959c4e94e7aede,_win/
006209d0,_win/
006262b9,_win/
00626739,_win/
0062f82e,_win/
0062f82e_3db2c3061fabc2281c2dd6b4130eedb9,_win/
0062f82e_ca73d55a3d70d5450a3ed37eb948cb64,_win/
0063f82e,_win/
0063f82e_0d434fbe975ba169dfc89ffe2f3f2a27,_win/
0063f82e_52b985aaa92b3207cd49053dffbf523d,_win/
00645d05,_win/
0064f82e,_win/
0064f82e_923078466946a3acdea05dbf22e0f6e7,_win/
0064f82e_db973ad91fc30e3c42f866a3eb7d4d74,_win/
006597ed,_win/
0065a618,_win/
0065f82e,_win/
0065f82e_599e1a822c915823a768daf1f6ee7174,_win/
00667ab6,_win/
00667ab6_ef3811ba64502191909b0210b17b8b02,_win/
006697ed,_win/
0066a618,_win/
0066a618_476d380161520ae923d8f74ede9a2e8d,_win/
0066f82e,_win/
0066f82e_e37d08b66c98c80f675d8c6d9a2cebdb,_win/
00671d9d,_win/
00675c5a,_win/
006797ed,_win/
006797ed_78cb3fd6e3dcae58893fa3ca96da3211,_win/
0067a618,_win/
00681d9d,_win/
00689021,_win/
006893ec,_win/
006897ed,_win/
006897ed_b5a6bb72c760a236a2c84a220920037b,_win/
0068a618,_win/
0068a618_ba9ef0a583a2d517886f9b6c53e96e92,_win/
00691d9d,_win/
00696652,_win/
00699021,_win/
006997ed,_win/
006997ed_b20d65f1089467ce6fec4d3a8c8134c8,_win/
0069e496,_win/
006a97ed,_win/
006a9dfd,_win/
006aa618,_win/
006aa618_5e5881ab87a4498b100e3983cca31058,_win/
006af2ba,_win/
006af2bb,_win/
006b325b,_win/
006b508f,_win/
006b5ae3,_win/
006b9021,_win/
006b97ed,_win/
006ba618,_win/
006baeb5,_win/
006bcf85,_win/
006bcf85_3bbce8b6d10a47883f9038737995145a,_win/
006bf7fe,_win/
006c556d,_win/
006c9021,_win/
006c97ed,_win/
006caeb5,_win/
006cc7ed,_win/
006d556d,_win/
006d9021,_win/
006d97ed,_win/
006daeb5,_win/
006e6ff1,_win/
006e99ea,_win/
006eaeb5,_win/
006f2b75,_win/
006f6ff1,_win/
006f7421,_win/
006faeb5,_win/
00704ad1,_win/
00706ff1,_win/
0070aeb5,_win/
00710601,_win/
007155d8,_win/
00716ff1,_win/
0071852b,_win/
0072466d,_win/
007246ed,_win/
0072476d,_win/
00724ad1,_win/
007255d8,_win/
00726ff1,_win/
00736ff1,_win/
0073ecb6,_win/
00744ad1,_win/
00746ff1,_win/
00749dfd,_win/
00750ccd,_win/
00750d4d,_win/
00750dcd,_win/
007559f0,_win/
00758632,_win/
007627bc,_win/
0076283c,_win/
007628bc,_win/
0076293c,_win/
007629bc,_win/
00762abc,_win/
00762b3c,_win/
007636bc,_win/
0076373c,_win/
00764ad1,_win/
007655d8,_win/
0076ad61,_win/
0076ad61_791fdad64710d9802f4adcf5d0f3db51,_win/
0076cd21,_win/
0076fe1a,_win/
00774c18,_win/
0077fe1a,_win/
00784ad1,_win/
0078980c,_win/
0078adc6,_win/
0079852b,_win/
007995dc,_win/
007a0189,_win/
007a4ad1,_win/
007a9dfd,_win/
007b651a,_win/
007bb259,_win/
007be718,_win/
007c4ad1,_win/
007c9dfd,_win/
007e4ad1,_win/
007f0488,_win/
007f6817,_win/
00804ad1,_win/
00814bac,_win/
00818625,_win/
0081f6b5,_win/
00824ad1,_win/
00829016,_win/
008387e2,_win/
0083fa46,_win/
00857db6,_win/
0085a618,_win/
0086a618,_win/
00885728,_win/
0088b898,_win/
0088c589,_win/
00892df9,_win/
00895b43,_win/
0089a618,_win/
008a2128,_win/
008a8469,_win/
008aa618,_win/
008ae623,_win/
008ae623_fad237f35f44f84013d072b01d34bfc0,_win/
008ba618,_win/
008c21a4,_win/
008c4aba,_win/
008c9a00,_win/
008cbb54,_win/
008cc589,_win/
008d752c,_win/
008db9df,_win/
008dbe37,_win/
0090e672,_win/
0090e772,_win/
00919e1e,_win/
0091a721,_win/
00925410,_win/
0092ec26,_win/
0092f25f,_win/
00938001,_win/
0093cba3,_win/
00940ccd,_win/
00940d4d,_win/
00940dcd,_win/
0094533a,_win/
0094b3c7,_win/
0094b8a4,_win/
0094c618,_win/
0094c618_302caf9734786b4cc1f4a66a958a6df1,_win/
009527bc,_win/
0095283c,_win/
009528bc,_win/
0095293c,_win/
009529bc,_win/
00952abc,_win/
00952b3c,_win/
009536bc,_win/
0095373c,_win/
0095cb32,_win/
0096b7c2,_win/
0096c7c2,_win/
0096e12a,_win/
009720e7,_win/
00985407,_win/
0098f24a,_win/
0099a618,_win/
0099b8a4,_win/
009ac0bf,_win/
009bc0bf,_win/
009cc0bf,_win/
009dbc16,_win/
009df079,_win/
009e0995,_win/
009eafa1,_win/
009ebc16,_win/
009f0995,_win/
009f2fba,_win/
009fa21b,_win/
009fafa1,_win/
009fbc16,_win/
00a093d7,_win/
00a0bc16,_win/
00a127a1,_win/
00a12eaf,_win/
00a1bc16,_win/
00a225a6,_win/
00a325a6,_win/
00a415a4,_win/
00a4b8a4,_win/
00a628ba,_win/
00a69783,_win/
00a891e2,_win/
00a936cb,_win/
00aa83e6,_win/
00acbe37,_win/
00ad7f33,_win/
00adb42a,_win/
00aeb10a,_win/
00aeebfc,_win/
00af4bac,_win/
00af9412,_win/
00afab44,_win/
00afb274,_win/
00afbbc9,_win/
00b02021,_win/
00b04ad1,_win/
00b087b2,_win/
00b12021,_win/
00b15410,_win/
00b22021,_win/
00b24ad1,_win/
00b25d10,_win/
00b32021,_win/
00b33503,_win/
00b3cb78,_win/
00b42021,_win/
00b44ad1,_win/
00b60372,_win/
00b64ad1,_win/
00b6ea23,_win/
00b6eb2c,_win/
00b7b270,_win/
00b84ad1,_win/
00b89205,_win/
00b8cb7a,_win/
00b99205,_win/
00ba4ad1,_win/
00ba619d,_win/
00ba9205,_win/
00bb5e27,_win/
00bb9205,_win/
00bc4ad1,_win/
00bc9205,_win/
00be4ad1,_win/
00be80b9,_win/
00bf085a,_win/
00bfbb06,_win/
00c04ad1,_win/
00c10972,_win/
00c1181b,_win/
00c12eaf,_win/
00c24ad1,_win/
00c2df96,_win/
00c3e4f6,_win/
00c45897,_win/
00c489c5,_win/
00c4b02d,_win/
00c4c778,_win/
00c59475,_win/
00c5a254,_win/
00c5a3fd,_win/
00c6157c,_win/
00c687d4,_win/
00c6e6ab,_win/
00c6feb6,_win/
00c6fef1,_win/
00c7d5a7,_win/
00c87354,_win/
00c8e1b5,_win/
00c9e1b5,_win/
00ca1816,_win/
00ca3f11,_win/
00cada49,_win/
00cb303d,_win/
00cb3f11,_win/
00cc15b7,_win/
00ccb0a6,_win/
00cd360c,_win/
00cd868e,_win/
00cda6c1,_win/
00cdb0a6,_win/
00cdeba7,_win/
00ce4bac,_win/
00ce999d,_win/
00ceb0a6,_win/
00ceeba7,_win/
00cf1e6a,_win/
00cfb0a6,_win/
00cfe11e,_win/
00cfeba7,_win/
00d0b0a6,_win/
00d0eba7,_win/
00d1b0a6,_win/
00d1eba7,_win/
00d27f22,_win/
00d37f22,_win/
00d47f22,_win/
00d4e124,_win/
00d57f22,_win/
00d5b0e4,_win/
00d5b792,_win/
00d5c792,_win/
00d6b78e,_win/
00d6c78e,_win/
00d7a5d6,_win/
00d7a5d6_543420bb4ab393b8a988314352eaca9c,_win/
00d84d77,_win/
00d85d25,_win/
00d97e9d,_win/
00da15e3,_win/
00da6b5a,_win/
00dbc1dd,_win/
00dc7290,_win/
00dcd5c6,_win/
00dd93f9,_win/
00de6344,_win/
00de6f30,_win/
00e0bf95,_win/
00e103ff,_win/
00e1e671,_win/
00e1e6f1,_win/
00e1e771,_win/
00e20d51,_win/
00e22d51,_win/
00e3d071,_win/
00e4b51b,_win/
00e4d0de,_win/
00e4d0de_41da87e72c01ef976b914cd59eef1df9,_win/
00e7ddd3,_win/
00e8533f,_win/
00e8533f_c9656c04a66db3d24c7fb50dd516a45e,_win/
00e9800a,_win/
00e9c58b,_win/
00eb32b4,_win/
00eb5f92,_win/
00eb7512,_win/
00ec6105,_win/
00ec6151,_win/
00ec628d,_win/
00ec677d,_win/
00ec73af,_win/
00eca640,_win/
00ed29fc,_win/
00ed6105,_win/
00ed6151,_win/
00ed628d,_win/
00ed677d,_win/
00edb58b,_win/
00edb9fc,_win/
00eebfc4,_win/
00efa150,_win/
00f04ad1,_win/
00f0852a,_win/
00f08bb3,_win/
00f0b18b,_win/
00f24ad0,_win/
00f24ad1,_win/
00f40e09,_win/
00f41462,_win/
00f44ad0,_win/
00f44ad1,_win/
00f4b0a9,_win/
00f4e3ec,_win/
00f51462,_win/
00f520eb,_win/
00f52511,_win/
00f60ccd,_win/
00f60dcd,_win/
00f64ad0,_win/
00f64ad1,_win/
00f65e24,_win/
00f727bc,_win/
00f7283c,_win/
00f728bc,_win/
00f7293c,_win/
00f729bc,_win/
00f72abc,_win/
00f72b3c,_win/
00f736bc,_win/
00f7373c,_win/
00f7f08f,_win/
00f8237e,_win/
00f84320,_win/
00f84ad0,_win/
00f84ad1,_win/
00f8852a,_win/
00f8f08f,_win/
00f94320,_win/
00f995ec,_win/
00fa15d7,_win/
00fa4ad0,_win/
00fa4ad1,_win/
00fad318,_win/
00fb2383,_win/
00fb5e0d,_win/
00fb5e0d_3a2f9c020f2b36a95c909e29cb3e4aae,_win/
00fb5e0d_a4c6847d4b922f6cd44f7d23a8727f2c,_win/
00fc4ad0,_win/
00fc4ad1,_win/
00fcb7ac,_win/
00fcbfac,_win/
00fe04ea,_win/
00fe4ad0,_win/
00fe4ad1,_win/
00fe564d,_win/
00ff04ea,_win/
00ffb109,_win/
1_chuou_1f_alp_ovl.bmp,_win/
1_chuou_b1_alp_ovl.bmp,_win/
1_chuou_b1_shukai_alp_ovl.bmp,_win/
1_chuou_b2_densan_alp_ovl.bmp,_win/
1f_live_alp_ovl.bmp,_win/
1f_live_left_alp_ovl.bmp,_win/
1f_live_right_alp_ovl.bmp,_win/
2_chuou_1f_kuki_alp_ovl.bmp,_win/
2_chuou_b1_roka_01_alp_ovl.bmp,_win/
2_chuou_b1_roka_02_alp_ovl.bmp,_win/
2f_live_alp_ovl.bmp,_win/
2f_live_left_alp_ovl.bmp,_win/
2f_live_right_alp_ovl.bmp,_win/
3f_live_alp_ovl.bmp,_win/
3f_live_left_alp_ovl.bmp,_win/
4f_live_alp_ovl.bmp,_win/
5f_souda_alp_ovl.bmp,_win/
a_kaitei_alp_ovl.bmp,_win/
a_okujou_alp_ovl.bmp,_win/
a_pump_alp_ovl.bmp,_win/
ab_alp_ovl.bmp,_win/
ab_renraku_alp_ovl.bmp,_win/
acd_alp_ovl.bmp,_win/
act_telop02_jp_alp_ovl.bmp,_win/
act_telop03_jp_alp_ovl.bmp,_win/
act_telop04_jp_alp_ovl.bmp,_win/
act_telop05_jp_alp_ovl.bmp,_win/
act_telop06_jp_alp_ovl.bmp,_win/
act_telop08_jp_alp_ovl.bmp,_win/
act_telop09_jp_alp_ovl.bmp,_win/
act_telop10_alp_ovl.bmp,_win/
act_telop10_jp_alp_ovl.bmp,_win/
act_telop11_alp_ovl.bmp,_win/
act_telop11_jp_alp_ovl.bmp,_win/
act_telop1_alp_ovl.bmp,_win/
act_telop2_alp_ovl.bmp,_win/
act_telop3_alp_ovl.bmp,_win/
act_telop4_alp_ovl.bmp,_win/
act_telop5_alp_ovl.bmp,_win/
act_telop5_alp_ovl.bmp_e350349959b1556776f7b5d2e07689fc,_win/
act_telop6_alp_ovl.bmp,_win/
act_telop7_alp_ovl.bmp,_win/
act_telop8_alp_ovl.bmp,_win/
act_telop9_alp_ovl.bmp,_win/
ag_ascending_alp_ovl.bmp,_win/
ag_ileum_alp_ovl.bmp,_win/
ag_jejunum_alp_ovl.bmp,_win/
ag_rectum_alp_ovl.bmp,_win/
ag_sigmoid_alp_ovl.bmp,_win/
ag_stmach_alp_ovl.bmp,_win/
aks_alp_ovl.bmp,_win/
aks_sp2_alp_ovl.bmp,_win/
aks_sp_alp_ovl.bmp,_win/
aoyama_alp_ovl.bmp,_win/
aps_alp_ovl.bmp,_win/
azabu_alp_ovl.bmp,_win/
b_henden_alp_ovl.bmp,_win/
bam_alp_ovl.bmp,_win/
bc_renraku_alp_ovl.bmp,_win/
bnd_alp_ovl.bmp,_win/
bsn1_alp_ovl.bmp,_win/
bsn2_alp_ovl.bmp,_win/
c_shokudou_alp_ovl.bmp,_win/
camera_alp_ovl.bmp,_win/
cbox_dry_alp_ovl.bmp,_win/
cbox_wet_alp_ovl.bmp,_win/
cbx_a_alp_ovl.bmp,_win/
cbx_b_alp_ovl.bmp,_win/
cbx_c_alp_ovl.bmp,_win/
cbx_d_alp_ovl.bmp,_win/
cbx_e_alp_ovl.bmp,_win/
cbx_f_alp_ovl.bmp,_win/
cd_renraku_alp_ovl.bmp,_win/
cfr_alp_ovl.bmp,_win/
chaff_alp_ovl.bmp,_win/
cls_alp_ovl.bmp,_win/
cray_alp_ovl.bmp,_win/
d_chinden_alp_ovl.bmp,_win/
de_renraku_alp_ovl.bmp,_win/
dg_renraku_alp_ovl.bmp,_win/
dmp_alp_ovl.bmp,_win/
dog_alp_ovl.bmp,_win/
e_heliport_alp_ovl.bmp,_win/
e_shuhai_1f_alp_ovl.bmp,_win/
e_shuhai_2f_alp_ovl.bmp,_win/
e_shuhai_alp_ovl.bmp,_win/
e_shuhai_b1_alp_ovl.bmp,_win/
ef_renraku_alp_ovl.bmp,_win/
f_souko_1f_alp_ovl.bmp,_win/
f_souko_alp_ovl.bmp,_win/
f_souko_b1_alp_ovl.bmp,_win/
fa_renraku_alp_ovl.bmp,_win/
federal_alp_ovl.bmp,_win/
fms_alp_ovl.bmp_afd64baad5879a54d69dceeb416e0963,_win/
funa_alp_ovl.bmp,_win/
funabashi_alp_ovl.bmp,_win/
gol1_alp_ovl.bmp,_win/
gol2_alp_ovl.bmp,_win/
gre_alp_ovl.bmp,_win/
hfb2_alp_ovl.bmp,_win/
hfb_alp_ovl.bmp,_win/
htl_alp_ovl.bmp,_win/
kanpan_02_left_alp_ovl.bmp,_win/
kanpan_02_right_alp_ovl.bmp,_win/
kanpan_alp_ovl.bmp,_win/
kanpan_left_alp_ovl.bmp,_win/
kanpan_right_alp_ovl.bmp,_win/
kcej_logo_alp_ovl.bmp,_win/
kikan_alp_ovl.bmp,_win/
kikan_ent_left_alp_ovl.bmp,_win/
kikan_ent_right_alp_ovl.bmp,_win/
kikan_left_alp_ovl.bmp,_win/
kikan_right_alp_ovl.bmp,_win/
kl_renraku_alp_ovl.bmp,_win/
l_gaishu_alp_ovl.bmp,_win/
l_oilfence_alp_ovl.bmp,_win/
l_osui_alp_ovl.bmp,_win/
lg_renraku_alp_ovl.bmp,_win/
logo_konami.bmp,_win/
m4a_nm_alp_ovl.bmp,_win/
m9_alp_ovl.bmp,_win/
mag_alp_ovl.bmp,_win/
medi_alp_ovl.bmp,_win/
mnd_alp_ovl.bmp,_win/
mod_alp_ovl.bmp,_win/
museum_de_alp_ovl.bmp,_win/
museum_e_alp_ovl.bmp,_win/
museum_es_alp_ovl.bmp,_win/
museum_fr_alp_ovl.bmp,_win/
museum_it_alp_ovl.bmp,_win/
museum_j_alp_ovl.bmp,_win/
newyork_alp_ovl.bmp,_win/
ngl_alp_ovl.bmp,_win/
niki_alp_ovl.bmp,_win/
postcard01.bmp,_win/
psg2_alp_ovl.bmp,_win/
psg_alp_ovl.bmp,_win/
ration_alp_ovl.bmp,_win/
refre_alp_ovl.bmp,_win/
refre_left_alp_ovl.bmp,_win/
refre_right_alp_ovl.bmp,_win/
rgb_alp_ovl.bmp,_win/
sam_alp_ovl.bmp,_win/
scm2_alp_ovl.bmp,_win/
scm_alp_ovl.bmp,_win/
scm_sp2_alp_ovl.bmp,_win/
scope_alp_ovl.bmp,_win/
senbi_kanpan_alp_ovl.bmp,_win/
senbi_kanpan_left_alp_ovl.bmp,_win/
senbi_kanpan_right_alp_ovl.bmp,_win/
sensou_01_alp_ovl.bmp,_win/
sensou_02_alp_ovl.bmp,_win/
sensou_03_alp_ovl.bmp,_win/
shv_alp_ovl.bmp,_win/
smoke_alp_ovl.bmp,_win/
sp_alp_ovl.bmp,_win/
sr00e_alp_ovl.bmp,_win/
sr00j_alp_ovl.bmp,_win/
sr01e_alp_ovl.bmp,_win/
sr01j_alp_ovl.bmp,_win/
sr01j_alp_ovl.bmp_71b551295ba518fae4283bd712544a6d,_win/
sr02e_alp_ovl.bmp,_win/
sr02j_alp_ovl.bmp,_win/
sr02j_alp_ovl.bmp_4a09a9b88e5c9d0cf6da451edf0dbec7,_win/
sr03e_alp_ovl.bmp,_win/
sr03j_alp_ovl.bmp,_win/
sr04e_alp_ovl.bmp,_win/
sr04e_alp_ovl.bmp_7df013dc1a4acc27c98bdd79b9268942,_win/
sr04j_alp_ovl.bmp,_win/
sr04j_alp_ovl.bmp_1383a677978c887d8f593c2469a8401a,_win/
sr05e_alp_ovl.bmp,_win/
sr05e_alp_ovl.bmp_fa8e2b5b866afff71bcedae16df8e3df,_win/
sr05j_alp_ovl.bmp,_win/
sr05j_alp_ovl.bmp_bf1906e485ccafe1c218be12a5453562,_win/
sr06e_alp_ovl.bmp,_win/
sr06e_alp_ovl.bmp_93ce3028cb41917a7f5a86e1a5cef339,_win/
sr06j_alp_ovl.bmp,_win/
sr06j_alp_ovl.bmp_3930ac3de40a80d7335f659d8d3b18df,_win/
sr07e_alp_ovl.bmp,_win/
sr07e_alp_ovl.bmp_1facc522d39aa7af4c8f475392ce56fb,_win/
sr07j_alp_ovl.bmp,_win/
sr07j_alp_ovl.bmp_df4abf9598b5e1aaa1c931ea907a758a,_win/
sr08e_alp_ovl.bmp,_win/
sr08e_alp_ovl.bmp_94c5b46b1b4c4dd69ab4b85ecd7d43fe,_win/
sr08j_alp_ovl.bmp,_win/
sr08j_alp_ovl.bmp_501fe309963ffa2693e775abe15afe45,_win/
sr09e_alp_ovl.bmp,_win/
sr09e_alp_ovl.bmp_2bec0cf6e2d48a41d9297cf01513f45c,_win/
sr09j_alp_ovl.bmp,_win/
sr10e_alp_ovl.bmp,_win/
sr10e_alp_ovl.bmp_1927c59b5a429c24eac1732749ce574a,_win/
sr10j_alp_ovl.bmp,_win/
sr11e_alp_ovl.bmp,_win/
sr11e_alp_ovl.bmp_cb0dce75f41243b62d86315f2154df35,_win/
sr11j_alp_ovl.bmp,_win/
sr11j_alp_ovl.bmp_d403a96582282e98da76e6194a8a4c58,_win/
sr12e_alp_ovl.bmp,_win/
sr12e_alp_ovl.bmp_49da83a2fc34ffff91d496c4100267ab,_win/
sr12j_alp_ovl.bmp,_win/
sr12j_alp_ovl.bmp_17fe60f718f515850942f8f66ba0be2a,_win/
sr13e_alp_ovl.bmp,_win/
sr13e_alp_ovl.bmp_8e5d765a189254623f05bef061d0db1a,_win/
sr13j_alp_ovl.bmp,_win/
sr14e_alp_ovl.bmp,_win/
sr14e_alp_ovl.bmp_ea172754f17f49457f2f04ae2319add2,_win/
sr14j_alp_ovl.bmp,_win/
sr14j_alp_ovl.bmp_104b15f9971860fa4c6923382baf1463,_win/
sr14j_bg_alp_ovl.bmp,_win/
sr16e_alp_ovl.bmp,_win/
sr16j_alp_ovl.bmp,_win/
sr17e_alp_ovl.bmp,_win/
sr17j_alp_ovl.bmp,_win/
sr18e_alp_ovl.bmp,_win/
sr18e_alp_ovl.bmp_472bed0a443e29c45de18a81421d2ee0,_win/
sr18j_alp_ovl.bmp,_win/
sr19e_alp_ovl.bmp,_win/
sr19j_alp_ovl.bmp,_win/
sr20e_alp_ovl.bmp,_win/
sr20j_alp_ovl.bmp,_win/
sr21e_alp_ovl.bmp,_win/
sr21j_alp_ovl.bmp,_win/
sr22e_alp_ovl.bmp,_win/
sr22j_alp_ovl.bmp,_win/
sr23e_alp_ovl.bmp,_win/
sr23j_alp_ovl.bmp,_win/
sr24e_alp_ovl.bmp,_win/
sr24j_alp_ovl.bmp,_win/
sr25e_alp_ovl.bmp,_win/
sr25j_alp_ovl.bmp,_win/
stin_alp_ovl.bmp,_win/
stun_alp_ovl.bmp,_win/
styp_alp_ovl.bmp,_win/
tgl_alp_ovl.bmp,_win/
title_logo_blue_alp_ovl.bmp,_win/
usp_alp_ovl.bmp,_win/
usp_sp2_alp_ovl.bmp,_win/
usp_sp_alp_ovl.bmp,_win/
wig1_alp_ovl.bmp,_win/
wig2_alp_ovl.bmp,_win/
wpb_alp_ovl.bmp,_win/
00f7f08f,ovr_PS3/_win/
00f8f08f,ovr_PS3/_win/
00ff04ea,ovr_PS3/_win/
0002936b,ovr_PS3/ovr_jp/_win/
0030f164,ovr_PS3/ovr_jp/_win/
0038f08e,ovr_PS3/ovr_jp/_win/
005480d6,ovr_PS3/ovr_jp/_win/
009fa21b,ovr_PS3/ovr_jp/_win/
00aeebfc,ovr_PS3/ovr_jp/_win/
00be80b9,ovr_PS3/ovr_jp/_win/
00c5a3fd,ovr_PS3/ovr_jp/_win/
0009bc34,ovr_eu/_win/
berrazano_alp_ovl.bmp,ovr_jp/_win/
bigshell_alp_ovl.bmp,ovr_jp/_win/
sr01j_alp_ovl.bmp_71b551295ba518fae4283bd712544a6d,ovr_jp/_win/
sr02j_alp_ovl.bmp_4a09a9b88e5c9d0cf6da451edf0dbec7,ovr_jp/_win/
sr04e_alp_ovl.bmp_7df013dc1a4acc27c98bdd79b9268942,ovr_jp/_win/
sr04j_alp_ovl.bmp_1383a677978c887d8f593c2469a8401a,ovr_jp/_win/
sr05e_alp_ovl.bmp_fa8e2b5b866afff71bcedae16df8e3df,ovr_jp/_win/
sr05j_alp_ovl.bmp_bf1906e485ccafe1c218be12a5453562,ovr_jp/_win/
sr06e_alp_ovl.bmp_93ce3028cb41917a7f5a86e1a5cef339,ovr_jp/_win/
sr06j_alp_ovl.bmp_3930ac3de40a80d7335f659d8d3b18df,ovr_jp/_win/
sr07e_alp_ovl.bmp_1facc522d39aa7af4c8f475392ce56fb,ovr_jp/_win/
sr07j_alp_ovl.bmp_df4abf9598b5e1aaa1c931ea907a758a,ovr_jp/_win/
sr08e_alp_ovl.bmp_94c5b46b1b4c4dd69ab4b85ecd7d43fe,ovr_jp/_win/
sr08j_alp_ovl.bmp_501fe309963ffa2693e775abe15afe45,ovr_jp/_win/
sr09e_alp_ovl.bmp_2bec0cf6e2d48a41d9297cf01513f45c,ovr_jp/_win/
sr10e_alp_ovl.bmp_1927c59b5a429c24eac1732749ce574a,ovr_jp/_win/
sr11e_alp_ovl.bmp_cb0dce75f41243b62d86315f2154df35,ovr_jp/_win/
sr11j_alp_ovl.bmp_d403a96582282e98da76e6194a8a4c58,ovr_jp/_win/
sr12e_alp_ovl.bmp_49da83a2fc34ffff91d496c4100267ab,ovr_jp/_win/
sr12j_alp_ovl.bmp_17fe60f718f515850942f8f66ba0be2a,ovr_jp/_win/
sr13e_alp_ovl.bmp_8e5d765a189254623f05bef061d0db1a,ovr_jp/_win/
sr14e_alp_ovl.bmp_ea172754f17f49457f2f04ae2319add2,ovr_jp/_win/
sr14j_alp_ovl.bmp_104b15f9971860fa4c6923382baf1463,ovr_jp/_win/
sr14j_bg_alp_ovl.bmp,ovr_jp/_win/
sr18e_alp_ovl.bmp_472bed0a443e29c45de18a81421d2ee0,ovr_jp/_win/
0014b79b,ovr_stm/_win/
0014c79b,ovr_stm/_win/
001bb358,ovr_stm/_win/
0043eac3,ovr_stm/_win/
004fb78a,ovr_stm/_win/
004fc78a,ovr_stm/_win/
005480d6,ovr_stm/_win/
006bcf85_3bbce8b6d10a47883f9038737995145a,ovr_stm/_win/
0076fe1a,ovr_stm/_win/
0077fe1a,ovr_stm/_win/
00938001,ovr_stm/_win/
0096b7c2,ovr_stm/_win/
0096c7c2,ovr_stm/_win/
00ca1816,ovr_stm/_win/
00d5b792,ovr_stm/_win/
00d5c792,ovr_stm/_win/
00d6b78e,ovr_stm/_win/
00d6c78e,ovr_stm/_win/
00f7f08f,ovr_stm/_win/
00f8f08f,ovr_stm/_win/
act_telop1_alp_ovl.bmp,ovr_stm/_win/
act_telop5_alp_ovl.bmp,ovr_stm/_win/
act_telop7_alp_ovl.bmp,ovr_stm/_win/
0002936b,ovr_stm/ctrltype_kbd/_win/
0008bc34,ovr_stm/ctrltype_kbd/_win/
000ebe38,ovr_stm/ctrltype_kbd/_win/
00100d1b,ovr_stm/ctrltype_kbd/_win/
0014b79b,ovr_stm/ctrltype_kbd/_win/
0014c79b,ovr_stm/ctrltype_kbd/_win/
00304bad,ovr_stm/ctrltype_kbd/_win/
0030f164,ovr_stm/ctrltype_kbd/_win/
0038f08e,ovr_stm/ctrltype_kbd/_win/
004827bc,ovr_stm/ctrltype_kbd/_win/
0048283c,ovr_stm/ctrltype_kbd/_win/
004828bc,ovr_stm/ctrltype_kbd/_win/
0048293c,ovr_stm/ctrltype_kbd/_win/
004829bc,ovr_stm/ctrltype_kbd/_win/
00482abc,ovr_stm/ctrltype_kbd/_win/
00482b3c,ovr_stm/ctrltype_kbd/_win/
004836bc,ovr_stm/ctrltype_kbd/_win/
0048373c,ovr_stm/ctrltype_kbd/_win/
004fb78a,ovr_stm/ctrltype_kbd/_win/
004fc78a,ovr_stm/ctrltype_kbd/_win/
005480d6,ovr_stm/ctrltype_kbd/_win/
005fbe37,ovr_stm/ctrltype_kbd/_win/
006bcf85_3bbce8b6d10a47883f9038737995145a,ovr_stm/ctrltype_kbd/_win/
006e99ea,ovr_stm/ctrltype_kbd/_win/
007627bc,ovr_stm/ctrltype_kbd/_win/
0076283c,ovr_stm/ctrltype_kbd/_win/
007628bc,ovr_stm/ctrltype_kbd/_win/
0076293c,ovr_stm/ctrltype_kbd/_win/
007629bc,ovr_stm/ctrltype_kbd/_win/
00762abc,ovr_stm/ctrltype_kbd/_win/
00762b3c,ovr_stm/ctrltype_kbd/_win/
007636bc,ovr_stm/ctrltype_kbd/_win/
0076373c,ovr_stm/ctrltype_kbd/_win/
0076fe1a,ovr_stm/ctrltype_kbd/_win/
0077fe1a,ovr_stm/ctrltype_kbd/_win/
00814bac,ovr_stm/ctrltype_kbd/_win/
0083fa46,ovr_stm/ctrltype_kbd/_win/
008c9a00,ovr_stm/ctrltype_kbd/_win/
008cbb54,ovr_stm/ctrltype_kbd/_win/
008dbe37,ovr_stm/ctrltype_kbd/_win/
009527bc,ovr_stm/ctrltype_kbd/_win/
0095283c,ovr_stm/ctrltype_kbd/_win/
009528bc,ovr_stm/ctrltype_kbd/_win/
0095293c,ovr_stm/ctrltype_kbd/_win/
009529bc,ovr_stm/ctrltype_kbd/_win/
00952abc,ovr_stm/ctrltype_kbd/_win/
00952b3c,ovr_stm/ctrltype_kbd/_win/
009536bc,ovr_stm/ctrltype_kbd/_win/
0095373c,ovr_stm/ctrltype_kbd/_win/
0096b7c2,ovr_stm/ctrltype_kbd/_win/
0096c7c2,ovr_stm/ctrltype_kbd/_win/
009fa21b,ovr_stm/ctrltype_kbd/_win/
00aa83e6,ovr_stm/ctrltype_kbd/_win/
00acbe37,ovr_stm/ctrltype_kbd/_win/
00aeebfc,ovr_stm/ctrltype_kbd/_win/
00af4bac,ovr_stm/ctrltype_kbd/_win/
00be80b9,ovr_stm/ctrltype_kbd/_win/
00c5a3fd,ovr_stm/ctrltype_kbd/_win/
00ce4bac,ovr_stm/ctrltype_kbd/_win/
00d5b792,ovr_stm/ctrltype_kbd/_win/
00d5c792,ovr_stm/ctrltype_kbd/_win/
00d6b78e,ovr_stm/ctrltype_kbd/_win/
00d6c78e,ovr_stm/ctrltype_kbd/_win/
00f727bc,ovr_stm/ctrltype_kbd/_win/
00f7283c,ovr_stm/ctrltype_kbd/_win/
00f728bc,ovr_stm/ctrltype_kbd/_win/
00f7293c,ovr_stm/ctrltype_kbd/_win/
00f729bc,ovr_stm/ctrltype_kbd/_win/
00f72abc,ovr_stm/ctrltype_kbd/_win/
00f72b3c,ovr_stm/ctrltype_kbd/_win/
00f736bc,ovr_stm/ctrltype_kbd/_win/
00f7373c,ovr_stm/ctrltype_kbd/_win/
00ff04ea,ovr_stm/ctrltype_kbd/_win/
act_telop02_jp_alp_ovl.bmp,ovr_stm/ctrltype_kbd/_win/
act_telop03_jp_alp_ovl.bmp,ovr_stm/ctrltype_kbd/_win/
act_telop04_jp_alp_ovl.bmp,ovr_stm/ctrltype_kbd/_win/
act_telop05_jp_alp_ovl.bmp,ovr_stm/ctrltype_kbd/_win/
act_telop06_jp_alp_ovl.bmp,ovr_stm/ctrltype_kbd/_win/
act_telop08_jp_alp_ovl.bmp,ovr_stm/ctrltype_kbd/_win/
act_telop09_jp_alp_ovl.bmp,ovr_stm/ctrltype_kbd/_win/
act_telop10_alp_ovl.bmp,ovr_stm/ctrltype_kbd/_win/
act_telop10_jp_alp_ovl.bmp,ovr_stm/ctrltype_kbd/_win/
act_telop11_alp_ovl.bmp,ovr_stm/ctrltype_kbd/_win/
act_telop11_jp_alp_ovl.bmp,ovr_stm/ctrltype_kbd/_win/
act_telop2_alp_ovl.bmp,ovr_stm/ctrltype_kbd/_win/
act_telop3_alp_ovl.bmp,ovr_stm/ctrltype_kbd/_win/
act_telop4_alp_ovl.bmp,ovr_stm/ctrltype_kbd/_win/
act_telop5_alp_ovl.bmp_e350349959b1556776f7b5d2e07689fc,ovr_stm/ctrltype_kbd/_win/
act_telop6_alp_ovl.bmp,ovr_stm/ctrltype_kbd/_win/
act_telop8_alp_ovl.bmp,ovr_stm/ctrltype_kbd/_win/
act_telop9_alp_ovl.bmp,ovr_stm/ctrltype_kbd/_win/
0002936b,ovr_stm/ctrltype_nx/_win/
0008bc34,ovr_stm/ctrltype_nx/_win/
000ebe38,ovr_stm/ctrltype_nx/_win/
00100d1b,ovr_stm/ctrltype_nx/_win/
0014b79b,ovr_stm/ctrltype_nx/_win/
0014c79b,ovr_stm/ctrltype_nx/_win/
00304bad,ovr_stm/ctrltype_nx/_win/
0038f08e,ovr_stm/ctrltype_nx/_win/
004827bc,ovr_stm/ctrltype_nx/_win/
0048283c,ovr_stm/ctrltype_nx/_win/
004828bc,ovr_stm/ctrltype_nx/_win/
0048293c,ovr_stm/ctrltype_nx/_win/
004829bc,ovr_stm/ctrltype_nx/_win/
00482abc,ovr_stm/ctrltype_nx/_win/
00482b3c,ovr_stm/ctrltype_nx/_win/
004836bc,ovr_stm/ctrltype_nx/_win/
0048373c,ovr_stm/ctrltype_nx/_win/
004fb78a,ovr_stm/ctrltype_nx/_win/
004fc78a,ovr_stm/ctrltype_nx/_win/
005480d6,ovr_stm/ctrltype_nx/_win/
005fbe37,ovr_stm/ctrltype_nx/_win/
006bcf85_3bbce8b6d10a47883f9038737995145a,ovr_stm/ctrltype_nx/_win/
006e99ea,ovr_stm/ctrltype_nx/_win/
007627bc,ovr_stm/ctrltype_nx/_win/
0076283c,ovr_stm/ctrltype_nx/_win/
007628bc,ovr_stm/ctrltype_nx/_win/
0076293c,ovr_stm/ctrltype_nx/_win/
007629bc,ovr_stm/ctrltype_nx/_win/
00762abc,ovr_stm/ctrltype_nx/_win/
00762b3c,ovr_stm/ctrltype_nx/_win/
007636bc,ovr_stm/ctrltype_nx/_win/
0076373c,ovr_stm/ctrltype_nx/_win/
0076fe1a,ovr_stm/ctrltype_nx/_win/
0077fe1a,ovr_stm/ctrltype_nx/_win/
00814bac,ovr_stm/ctrltype_nx/_win/
0083fa46,ovr_stm/ctrltype_nx/_win/
008c9a00,ovr_stm/ctrltype_nx/_win/
008cbb54,ovr_stm/ctrltype_nx/_win/
008dbe37,ovr_stm/ctrltype_nx/_win/
009527bc,ovr_stm/ctrltype_nx/_win/
0095283c,ovr_stm/ctrltype_nx/_win/
009528bc,ovr_stm/ctrltype_nx/_win/
0095293c,ovr_stm/ctrltype_nx/_win/
009529bc,ovr_stm/ctrltype_nx/_win/
00952abc,ovr_stm/ctrltype_nx/_win/
00952b3c,ovr_stm/ctrltype_nx/_win/
009536bc,ovr_stm/ctrltype_nx/_win/
0095373c,ovr_stm/ctrltype_nx/_win/
0096b7c2,ovr_stm/ctrltype_nx/_win/
0096c7c2,ovr_stm/ctrltype_nx/_win/
009fa21b,ovr_stm/ctrltype_nx/_win/
00aa83e6,ovr_stm/ctrltype_nx/_win/
00acbe37,ovr_stm/ctrltype_nx/_win/
00aeebfc,ovr_stm/ctrltype_nx/_win/
00af4bac,ovr_stm/ctrltype_nx/_win/
00be80b9,ovr_stm/ctrltype_nx/_win/
00c5a3fd,ovr_stm/ctrltype_nx/_win/
00ce4bac,ovr_stm/ctrltype_nx/_win/
00d5b792,ovr_stm/ctrltype_nx/_win/
00d5c792,ovr_stm/ctrltype_nx/_win/
00d6b78e,ovr_stm/ctrltype_nx/_win/
00d6c78e,ovr_stm/ctrltype_nx/_win/
00f727bc,ovr_stm/ctrltype_nx/_win/
00f7283c,ovr_stm/ctrltype_nx/_win/
00f728bc,ovr_stm/ctrltype_nx/_win/
00f7293c,ovr_stm/ctrltype_nx/_win/
00f729bc,ovr_stm/ctrltype_nx/_win/
00f72abc,ovr_stm/ctrltype_nx/_win/
00f72b3c,ovr_stm/ctrltype_nx/_win/
00f736bc,ovr_stm/ctrltype_nx/_win/
00f7373c,ovr_stm/ctrltype_nx/_win/
00ff04ea,ovr_stm/ctrltype_nx/_win/
act_telop02_jp_alp_ovl.bmp,ovr_stm/ctrltype_nx/_win/
act_telop03_jp_alp_ovl.bmp,ovr_stm/ctrltype_nx/_win/
act_telop04_jp_alp_ovl.bmp,ovr_stm/ctrltype_nx/_win/
act_telop05_jp_alp_ovl.bmp,ovr_stm/ctrltype_nx/_win/
act_telop06_jp_alp_ovl.bmp,ovr_stm/ctrltype_nx/_win/
act_telop08_jp_alp_ovl.bmp,ovr_stm/ctrltype_nx/_win/
act_telop09_jp_alp_ovl.bmp,ovr_stm/ctrltype_nx/_win/
act_telop10_alp_ovl.bmp,ovr_stm/ctrltype_nx/_win/
act_telop10_jp_alp_ovl.bmp,ovr_stm/ctrltype_nx/_win/
act_telop11_alp_ovl.bmp,ovr_stm/ctrltype_nx/_win/
act_telop11_jp_alp_ovl.bmp,ovr_stm/ctrltype_nx/_win/
act_telop2_alp_ovl.bmp,ovr_stm/ctrltype_nx/_win/
act_telop3_alp_ovl.bmp,ovr_stm/ctrltype_nx/_win/
act_telop4_alp_ovl.bmp,ovr_stm/ctrltype_nx/_win/
act_telop5_alp_ovl.bmp_e350349959b1556776f7b5d2e07689fc,ovr_stm/ctrltype_nx/_win/
act_telop6_alp_ovl.bmp,ovr_stm/ctrltype_nx/_win/
act_telop8_alp_ovl.bmp,ovr_stm/ctrltype_nx/_win/
act_telop9_alp_ovl.bmp,ovr_stm/ctrltype_nx/_win/
0002936b,ovr_stm/ctrltype_ps4/_win/
0008bc34,ovr_stm/ctrltype_ps4/_win/
000ebe38,ovr_stm/ctrltype_ps4/_win/
0014b79b,ovr_stm/ctrltype_ps4/_win/
0014c79b,ovr_stm/ctrltype_ps4/_win/
00304bad,ovr_stm/ctrltype_ps4/_win/
004827bc,ovr_stm/ctrltype_ps4/_win/
0048283c,ovr_stm/ctrltype_ps4/_win/
004828bc,ovr_stm/ctrltype_ps4/_win/
0048293c,ovr_stm/ctrltype_ps4/_win/
004829bc,ovr_stm/ctrltype_ps4/_win/
00482abc,ovr_stm/ctrltype_ps4/_win/
00482b3c,ovr_stm/ctrltype_ps4/_win/
004836bc,ovr_stm/ctrltype_ps4/_win/
0048373c,ovr_stm/ctrltype_ps4/_win/
004fb78a,ovr_stm/ctrltype_ps4/_win/
004fc78a,ovr_stm/ctrltype_ps4/_win/
005480d6,ovr_stm/ctrltype_ps4/_win/
005fbe37,ovr_stm/ctrltype_ps4/_win/
006bcf85_3bbce8b6d10a47883f9038737995145a,ovr_stm/ctrltype_ps4/_win/
006e99ea,ovr_stm/ctrltype_ps4/_win/
007627bc,ovr_stm/ctrltype_ps4/_win/
0076283c,ovr_stm/ctrltype_ps4/_win/
007628bc,ovr_stm/ctrltype_ps4/_win/
0076293c,ovr_stm/ctrltype_ps4/_win/
007629bc,ovr_stm/ctrltype_ps4/_win/
00762abc,ovr_stm/ctrltype_ps4/_win/
00762b3c,ovr_stm/ctrltype_ps4/_win/
007636bc,ovr_stm/ctrltype_ps4/_win/
0076373c,ovr_stm/ctrltype_ps4/_win/
0076fe1a,ovr_stm/ctrltype_ps4/_win/
0077fe1a,ovr_stm/ctrltype_ps4/_win/
00814bac,ovr_stm/ctrltype_ps4/_win/
0083fa46,ovr_stm/ctrltype_ps4/_win/
008c9a00,ovr_stm/ctrltype_ps4/_win/
008cbb54,ovr_stm/ctrltype_ps4/_win/
008dbe37,ovr_stm/ctrltype_ps4/_win/
009527bc,ovr_stm/ctrltype_ps4/_win/
0095283c,ovr_stm/ctrltype_ps4/_win/
009528bc,ovr_stm/ctrltype_ps4/_win/
0095293c,ovr_stm/ctrltype_ps4/_win/
009529bc,ovr_stm/ctrltype_ps4/_win/
00952abc,ovr_stm/ctrltype_ps4/_win/
00952b3c,ovr_stm/ctrltype_ps4/_win/
009536bc,ovr_stm/ctrltype_ps4/_win/
0095373c,ovr_stm/ctrltype_ps4/_win/
0096b7c2,ovr_stm/ctrltype_ps4/_win/
0096c7c2,ovr_stm/ctrltype_ps4/_win/
00aa83e6,ovr_stm/ctrltype_ps4/_win/
00acbe37,ovr_stm/ctrltype_ps4/_win/
00af4bac,ovr_stm/ctrltype_ps4/_win/
00ce4bac,ovr_stm/ctrltype_ps4/_win/
00d5b792,ovr_stm/ctrltype_ps4/_win/
00d5c792,ovr_stm/ctrltype_ps4/_win/
00d6b78e,ovr_stm/ctrltype_ps4/_win/
00d6c78e,ovr_stm/ctrltype_ps4/_win/
00f727bc,ovr_stm/ctrltype_ps4/_win/
00f7283c,ovr_stm/ctrltype_ps4/_win/
00f728bc,ovr_stm/ctrltype_ps4/_win/
00f7293c,ovr_stm/ctrltype_ps4/_win/
00f729bc,ovr_stm/ctrltype_ps4/_win/
00f72abc,ovr_stm/ctrltype_ps4/_win/
00f72b3c,ovr_stm/ctrltype_ps4/_win/
00f736bc,ovr_stm/ctrltype_ps4/_win/
00f7373c,ovr_stm/ctrltype_ps4/_win/
00ff04ea,ovr_stm/ctrltype_ps4/_win/
act_telop02_jp_alp_ovl.bmp,ovr_stm/ctrltype_ps4/_win/
act_telop03_jp_alp_ovl.bmp,ovr_stm/ctrltype_ps4/_win/
act_telop04_jp_alp_ovl.bmp,ovr_stm/ctrltype_ps4/_win/
act_telop05_jp_alp_ovl.bmp,ovr_stm/ctrltype_ps4/_win/
act_telop06_jp_alp_ovl.bmp,ovr_stm/ctrltype_ps4/_win/
act_telop08_jp_alp_ovl.bmp,ovr_stm/ctrltype_ps4/_win/
act_telop09_jp_alp_ovl.bmp,ovr_stm/ctrltype_ps4/_win/
act_telop10_alp_ovl.bmp,ovr_stm/ctrltype_ps4/_win/
act_telop10_jp_alp_ovl.bmp,ovr_stm/ctrltype_ps4/_win/
act_telop11_alp_ovl.bmp,ovr_stm/ctrltype_ps4/_win/
act_telop11_jp_alp_ovl.bmp,ovr_stm/ctrltype_ps4/_win/
act_telop2_alp_ovl.bmp,ovr_stm/ctrltype_ps4/_win/
act_telop3_alp_ovl.bmp,ovr_stm/ctrltype_ps4/_win/
act_telop4_alp_ovl.bmp,ovr_stm/ctrltype_ps4/_win/
act_telop5_alp_ovl.bmp_e350349959b1556776f7b5d2e07689fc,ovr_stm/ctrltype_ps4/_win/
act_telop6_alp_ovl.bmp,ovr_stm/ctrltype_ps4/_win/
act_telop8_alp_ovl.bmp,ovr_stm/ctrltype_ps4/_win/
act_telop9_alp_ovl.bmp,ovr_stm/ctrltype_ps4/_win/
00100d1b,ovr_stm/ctrltype_ps4/ovr_eu/_win/
0038f08e,ovr_stm/ctrltype_ps4/ovr_eu/_win/
009fa21b,ovr_stm/ctrltype_ps4/ovr_eu/_win/
00aeebfc,ovr_stm/ctrltype_ps4/ovr_eu/_win/
00be80b9,ovr_stm/ctrltype_ps4/ovr_eu/_win/
00c5a3fd,ovr_stm/ctrltype_ps4/ovr_eu/_win/
00100d1b,ovr_stm/ctrltype_ps4/ovr_jp/_win/
0038f08e,ovr_stm/ctrltype_ps4/ovr_jp/_win/
005480d6,ovr_stm/ctrltype_ps4/ovr_jp/_win/
009fa21b,ovr_stm/ctrltype_ps4/ovr_jp/_win/
00aeebfc,ovr_stm/ctrltype_ps4/ovr_jp/_win/
00be80b9,ovr_stm/ctrltype_ps4/ovr_jp/_win/
00c5a3fd,ovr_stm/ctrltype_ps4/ovr_jp/_win/
0002936b,ovr_stm/ctrltype_ps5/_win/
0008bc34,ovr_stm/ctrltype_ps5/_win/
000ebe38,ovr_stm/ctrltype_ps5/_win/
0014b79b,ovr_stm/ctrltype_ps5/_win/
0014c79b,ovr_stm/ctrltype_ps5/_win/
00304bad,ovr_stm/ctrltype_ps5/_win/
004827bc,ovr_stm/ctrltype_ps5/_win/
0048283c,ovr_stm/ctrltype_ps5/_win/
004828bc,ovr_stm/ctrltype_ps5/_win/
0048293c,ovr_stm/ctrltype_ps5/_win/
004829bc,ovr_stm/ctrltype_ps5/_win/
00482abc,ovr_stm/ctrltype_ps5/_win/
00482b3c,ovr_stm/ctrltype_ps5/_win/
004836bc,ovr_stm/ctrltype_ps5/_win/
0048373c,ovr_stm/ctrltype_ps5/_win/
004fb78a,ovr_stm/ctrltype_ps5/_win/
004fc78a,ovr_stm/ctrltype_ps5/_win/
005480d6,ovr_stm/ctrltype_ps5/_win/
005fbe37,ovr_stm/ctrltype_ps5/_win/
006bcf85_3bbce8b6d10a47883f9038737995145a,ovr_stm/ctrltype_ps5/_win/
006e99ea,ovr_stm/ctrltype_ps5/_win/
007627bc,ovr_stm/ctrltype_ps5/_win/
0076283c,ovr_stm/ctrltype_ps5/_win/
007628bc,ovr_stm/ctrltype_ps5/_win/
0076293c,ovr_stm/ctrltype_ps5/_win/
007629bc,ovr_stm/ctrltype_ps5/_win/
00762abc,ovr_stm/ctrltype_ps5/_win/
00762b3c,ovr_stm/ctrltype_ps5/_win/
007636bc,ovr_stm/ctrltype_ps5/_win/
0076373c,ovr_stm/ctrltype_ps5/_win/
0076fe1a,ovr_stm/ctrltype_ps5/_win/
0077fe1a,ovr_stm/ctrltype_ps5/_win/
00814bac,ovr_stm/ctrltype_ps5/_win/
0083fa46,ovr_stm/ctrltype_ps5/_win/
008c9a00,ovr_stm/ctrltype_ps5/_win/
008cbb54,ovr_stm/ctrltype_ps5/_win/
008dbe37,ovr_stm/ctrltype_ps5/_win/
009527bc,ovr_stm/ctrltype_ps5/_win/
0095283c,ovr_stm/ctrltype_ps5/_win/
009528bc,ovr_stm/ctrltype_ps5/_win/
0095293c,ovr_stm/ctrltype_ps5/_win/
009529bc,ovr_stm/ctrltype_ps5/_win/
00952abc,ovr_stm/ctrltype_ps5/_win/
00952b3c,ovr_stm/ctrltype_ps5/_win/
009536bc,ovr_stm/ctrltype_ps5/_win/
0095373c,ovr_stm/ctrltype_ps5/_win/
0096b7c2,ovr_stm/ctrltype_ps5/_win/
0096c7c2,ovr_stm/ctrltype_ps5/_win/
00aa83e6,ovr_stm/ctrltype_ps5/_win/
00acbe37,ovr_stm/ctrltype_ps5/_win/
00af4bac,ovr_stm/ctrltype_ps5/_win/
00ce4bac,ovr_stm/ctrltype_ps5/_win/
00d5b792,ovr_stm/ctrltype_ps5/_win/
00d5c792,ovr_stm/ctrltype_ps5/_win/
00d6b78e,ovr_stm/ctrltype_ps5/_win/
00d6c78e,ovr_stm/ctrltype_ps5/_win/
00f727bc,ovr_stm/ctrltype_ps5/_win/
00f7283c,ovr_stm/ctrltype_ps5/_win/
00f728bc,ovr_stm/ctrltype_ps5/_win/
00f7293c,ovr_stm/ctrltype_ps5/_win/
00f729bc,ovr_stm/ctrltype_ps5/_win/
00f72abc,ovr_stm/ctrltype_ps5/_win/
00f72b3c,ovr_stm/ctrltype_ps5/_win/
00f736bc,ovr_stm/ctrltype_ps5/_win/
00f7373c,ovr_stm/ctrltype_ps5/_win/
00ff04ea,ovr_stm/ctrltype_ps5/_win/
act_telop02_jp_alp_ovl.bmp,ovr_stm/ctrltype_ps5/_win/
act_telop03_jp_alp_ovl.bmp,ovr_stm/ctrltype_ps5/_win/
act_telop04_jp_alp_ovl.bmp,ovr_stm/ctrltype_ps5/_win/
act_telop05_jp_alp_ovl.bmp,ovr_stm/ctrltype_ps5/_win/
act_telop06_jp_alp_ovl.bmp,ovr_stm/ctrltype_ps5/_win/
act_telop08_jp_alp_ovl.bmp,ovr_stm/ctrltype_ps5/_win/
act_telop09_jp_alp_ovl.bmp,ovr_stm/ctrltype_ps5/_win/
act_telop10_alp_ovl.bmp,ovr_stm/ctrltype_ps5/_win/
act_telop10_jp_alp_ovl.bmp,ovr_stm/ctrltype_ps5/_win/
act_telop11_alp_ovl.bmp,ovr_stm/ctrltype_ps5/_win/
act_telop11_jp_alp_ovl.bmp,ovr_stm/ctrltype_ps5/_win/
act_telop2_alp_ovl.bmp,ovr_stm/ctrltype_ps5/_win/
act_telop3_alp_ovl.bmp,ovr_stm/ctrltype_ps5/_win/
act_telop4_alp_ovl.bmp,ovr_stm/ctrltype_ps5/_win/
act_telop5_alp_ovl.bmp_e350349959b1556776f7b5d2e07689fc,ovr_stm/ctrltype_ps5/_win/
act_telop6_alp_ovl.bmp,ovr_stm/ctrltype_ps5/_win/
act_telop8_alp_ovl.bmp,ovr_stm/ctrltype_ps5/_win/
act_telop9_alp_ovl.bmp,ovr_stm/ctrltype_ps5/_win/
00100d1b,ovr_stm/ctrltype_ps5/ovr_eu/_win/
0038f08e,ovr_stm/ctrltype_ps5/ovr_eu/_win/
009fa21b,ovr_stm/ctrltype_ps5/ovr_eu/_win/
00aeebfc,ovr_stm/ctrltype_ps5/ovr_eu/_win/
00be80b9,ovr_stm/ctrltype_ps5/ovr_eu/_win/
00c5a3fd,ovr_stm/ctrltype_ps5/ovr_eu/_win/
00100d1b,ovr_stm/ctrltype_ps5/ovr_jp/_win/
0038f08e,ovr_stm/ctrltype_ps5/ovr_jp/_win/
009fa21b,ovr_stm/ctrltype_ps5/ovr_jp/_win/
00aeebfc,ovr_stm/ctrltype_ps5/ovr_jp/_win/
00be80b9,ovr_stm/ctrltype_ps5/ovr_jp/_win/
00c5a3fd,ovr_stm/ctrltype_ps5/ovr_jp/_win/
0002936b,ovr_stm/ctrltype_stmd/_win/
0008bc34,ovr_stm/ctrltype_stmd/_win/
000ebe38,ovr_stm/ctrltype_stmd/_win/
00100d1b,ovr_stm/ctrltype_stmd/_win/
0014b79b,ovr_stm/ctrltype_stmd/_win/
0014c79b,ovr_stm/ctrltype_stmd/_win/
00304bad,ovr_stm/ctrltype_stmd/_win/
0038f08e,ovr_stm/ctrltype_stmd/_win/
004827bc,ovr_stm/ctrltype_stmd/_win/
0048283c,ovr_stm/ctrltype_stmd/_win/
004828bc,ovr_stm/ctrltype_stmd/_win/
0048293c,ovr_stm/ctrltype_stmd/_win/
004829bc,ovr_stm/ctrltype_stmd/_win/
00482abc,ovr_stm/ctrltype_stmd/_win/
00482b3c,ovr_stm/ctrltype_stmd/_win/
004836bc,ovr_stm/ctrltype_stmd/_win/
0048373c,ovr_stm/ctrltype_stmd/_win/
004fb78a,ovr_stm/ctrltype_stmd/_win/
004fc78a,ovr_stm/ctrltype_stmd/_win/
005480d6,ovr_stm/ctrltype_stmd/_win/
005fbe37,ovr_stm/ctrltype_stmd/_win/
006bcf85_3bbce8b6d10a47883f9038737995145a,ovr_stm/ctrltype_stmd/_win/
006e99ea,ovr_stm/ctrltype_stmd/_win/
007627bc,ovr_stm/ctrltype_stmd/_win/
0076283c,ovr_stm/ctrltype_stmd/_win/
007628bc,ovr_stm/ctrltype_stmd/_win/
0076293c,ovr_stm/ctrltype_stmd/_win/
007629bc,ovr_stm/ctrltype_stmd/_win/
00762abc,ovr_stm/ctrltype_stmd/_win/
00762b3c,ovr_stm/ctrltype_stmd/_win/
007636bc,ovr_stm/ctrltype_stmd/_win/
0076373c,ovr_stm/ctrltype_stmd/_win/
0076fe1a,ovr_stm/ctrltype_stmd/_win/
0077fe1a,ovr_stm/ctrltype_stmd/_win/
00814bac,ovr_stm/ctrltype_stmd/_win/
0083fa46,ovr_stm/ctrltype_stmd/_win/
008c9a00,ovr_stm/ctrltype_stmd/_win/
008cbb54,ovr_stm/ctrltype_stmd/_win/
008dbe37,ovr_stm/ctrltype_stmd/_win/
009527bc,ovr_stm/ctrltype_stmd/_win/
0095283c,ovr_stm/ctrltype_stmd/_win/
009528bc,ovr_stm/ctrltype_stmd/_win/
0095293c,ovr_stm/ctrltype_stmd/_win/
009529bc,ovr_stm/ctrltype_stmd/_win/
00952abc,ovr_stm/ctrltype_stmd/_win/
00952b3c,ovr_stm/ctrltype_stmd/_win/
009536bc,ovr_stm/ctrltype_stmd/_win/
0095373c,ovr_stm/ctrltype_stmd/_win/
0096b7c2,ovr_stm/ctrltype_stmd/_win/
0096c7c2,ovr_stm/ctrltype_stmd/_win/
009fa21b,ovr_stm/ctrltype_stmd/_win/
00aa83e6,ovr_stm/ctrltype_stmd/_win/
00acbe37,ovr_stm/ctrltype_stmd/_win/
00aeebfc,ovr_stm/ctrltype_stmd/_win/
00af4bac,ovr_stm/ctrltype_stmd/_win/
00be80b9,ovr_stm/ctrltype_stmd/_win/
00c5a3fd,ovr_stm/ctrltype_stmd/_win/
00ce4bac,ovr_stm/ctrltype_stmd/_win/
00d5b792,ovr_stm/ctrltype_stmd/_win/
00d5c792,ovr_stm/ctrltype_stmd/_win/
00d6b78e,ovr_stm/ctrltype_stmd/_win/
00d6c78e,ovr_stm/ctrltype_stmd/_win/
00f727bc,ovr_stm/ctrltype_stmd/_win/
00f7283c,ovr_stm/ctrltype_stmd/_win/
00f728bc,ovr_stm/ctrltype_stmd/_win/
00f7293c,ovr_stm/ctrltype_stmd/_win/
00f729bc,ovr_stm/ctrltype_stmd/_win/
00f72abc,ovr_stm/ctrltype_stmd/_win/
00f72b3c,ovr_stm/ctrltype_stmd/_win/
00f736bc,ovr_stm/ctrltype_stmd/_win/
00f7373c,ovr_stm/ctrltype_stmd/_win/
00ff04ea,ovr_stm/ctrltype_stmd/_win/
act_telop02_jp_alp_ovl.bmp,ovr_stm/ctrltype_stmd/_win/
act_telop03_jp_alp_ovl.bmp,ovr_stm/ctrltype_stmd/_win/
act_telop04_jp_alp_ovl.bmp,ovr_stm/ctrltype_stmd/_win/
act_telop05_jp_alp_ovl.bmp,ovr_stm/ctrltype_stmd/_win/
act_telop06_jp_alp_ovl.bmp,ovr_stm/ctrltype_stmd/_win/
act_telop08_jp_alp_ovl.bmp,ovr_stm/ctrltype_stmd/_win/
act_telop09_jp_alp_ovl.bmp,ovr_stm/ctrltype_stmd/_win/
act_telop10_alp_ovl.bmp,ovr_stm/ctrltype_stmd/_win/
act_telop10_jp_alp_ovl.bmp,ovr_stm/ctrltype_stmd/_win/
act_telop11_alp_ovl.bmp,ovr_stm/ctrltype_stmd/_win/
act_telop11_jp_alp_ovl.bmp,ovr_stm/ctrltype_stmd/_win/
act_telop2_alp_ovl.bmp,ovr_stm/ctrltype_stmd/_win/
act_telop3_alp_ovl.bmp,ovr_stm/ctrltype_stmd/_win/
act_telop4_alp_ovl.bmp,ovr_stm/ctrltype_stmd/_win/
act_telop5_alp_ovl.bmp_e350349959b1556776f7b5d2e07689fc,ovr_stm/ctrltype_stmd/_win/
act_telop6_alp_ovl.bmp,ovr_stm/ctrltype_stmd/_win/
act_telop8_alp_ovl.bmp,ovr_stm/ctrltype_stmd/_win/
act_telop9_alp_ovl.bmp,ovr_stm/ctrltype_stmd/_win/
0002936b,ovr_stm/ctrltype_xs/_win/
0008bc34,ovr_stm/ctrltype_xs/_win/
000ebe38,ovr_stm/ctrltype_xs/_win/
00100d1b,ovr_stm/ctrltype_xs/_win/
0014b79b,ovr_stm/ctrltype_xs/_win/
0014c79b,ovr_stm/ctrltype_xs/_win/
00304bad,ovr_stm/ctrltype_xs/_win/
0038f08e,ovr_stm/ctrltype_xs/_win/
004827bc,ovr_stm/ctrltype_xs/_win/
0048283c,ovr_stm/ctrltype_xs/_win/
004828bc,ovr_stm/ctrltype_xs/_win/
0048293c,ovr_stm/ctrltype_xs/_win/
004829bc,ovr_stm/ctrltype_xs/_win/
00482abc,ovr_stm/ctrltype_xs/_win/
00482b3c,ovr_stm/ctrltype_xs/_win/
004836bc,ovr_stm/ctrltype_xs/_win/
0048373c,ovr_stm/ctrltype_xs/_win/
004fb78a,ovr_stm/ctrltype_xs/_win/
004fc78a,ovr_stm/ctrltype_xs/_win/
005480d6,ovr_stm/ctrltype_xs/_win/
005fbe37,ovr_stm/ctrltype_xs/_win/
006bcf85_3bbce8b6d10a47883f9038737995145a,ovr_stm/ctrltype_xs/_win/
006e99ea,ovr_stm/ctrltype_xs/_win/
007627bc,ovr_stm/ctrltype_xs/_win/
0076283c,ovr_stm/ctrltype_xs/_win/
007628bc,ovr_stm/ctrltype_xs/_win/
0076293c,ovr_stm/ctrltype_xs/_win/
007629bc,ovr_stm/ctrltype_xs/_win/
00762abc,ovr_stm/ctrltype_xs/_win/
00762b3c,ovr_stm/ctrltype_xs/_win/
007636bc,ovr_stm/ctrltype_xs/_win/
0076373c,ovr_stm/ctrltype_xs/_win/
0076fe1a,ovr_stm/ctrltype_xs/_win/
0077fe1a,ovr_stm/ctrltype_xs/_win/
00814bac,ovr_stm/ctrltype_xs/_win/
0083fa46,ovr_stm/ctrltype_xs/_win/
008c9a00,ovr_stm/ctrltype_xs/_win/
008cbb54,ovr_stm/ctrltype_xs/_win/
008dbe37,ovr_stm/ctrltype_xs/_win/
009527bc,ovr_stm/ctrltype_xs/_win/
0095283c,ovr_stm/ctrltype_xs/_win/
009528bc,ovr_stm/ctrltype_xs/_win/
0095293c,ovr_stm/ctrltype_xs/_win/
009529bc,ovr_stm/ctrltype_xs/_win/
00952abc,ovr_stm/ctrltype_xs/_win/
00952b3c,ovr_stm/ctrltype_xs/_win/
009536bc,ovr_stm/ctrltype_xs/_win/
0095373c,ovr_stm/ctrltype_xs/_win/
0096b7c2,ovr_stm/ctrltype_xs/_win/
0096c7c2,ovr_stm/ctrltype_xs/_win/
009fa21b,ovr_stm/ctrltype_xs/_win/
00aa83e6,ovr_stm/ctrltype_xs/_win/
00acbe37,ovr_stm/ctrltype_xs/_win/
00aeebfc,ovr_stm/ctrltype_xs/_win/
00af4bac,ovr_stm/ctrltype_xs/_win/
00be80b9,ovr_stm/ctrltype_xs/_win/
00c5a3fd,ovr_stm/ctrltype_xs/_win/
00ce4bac,ovr_stm/ctrltype_xs/_win/
00d5b792,ovr_stm/ctrltype_xs/_win/
00d5c792,ovr_stm/ctrltype_xs/_win/
00d6b78e,ovr_stm/ctrltype_xs/_win/
00d6c78e,ovr_stm/ctrltype_xs/_win/
00f727bc,ovr_stm/ctrltype_xs/_win/
00f7283c,ovr_stm/ctrltype_xs/_win/
00f728bc,ovr_stm/ctrltype_xs/_win/
00f7293c,ovr_stm/ctrltype_xs/_win/
00f729bc,ovr_stm/ctrltype_xs/_win/
00f72abc,ovr_stm/ctrltype_xs/_win/
00f72b3c,ovr_stm/ctrltype_xs/_win/
00f736bc,ovr_stm/ctrltype_xs/_win/
00f7373c,ovr_stm/ctrltype_xs/_win/
00ff04ea,ovr_stm/ctrltype_xs/_win/
act_telop02_jp_alp_ovl.bmp,ovr_stm/ctrltype_xs/_win/
act_telop03_jp_alp_ovl.bmp,ovr_stm/ctrltype_xs/_win/
act_telop04_jp_alp_ovl.bmp,ovr_stm/ctrltype_xs/_win/
act_telop05_jp_alp_ovl.bmp,ovr_stm/ctrltype_xs/_win/
act_telop06_jp_alp_ovl.bmp,ovr_stm/ctrltype_xs/_win/
act_telop08_jp_alp_ovl.bmp,ovr_stm/ctrltype_xs/_win/
act_telop09_jp_alp_ovl.bmp,ovr_stm/ctrltype_xs/_win/
act_telop10_alp_ovl.bmp,ovr_stm/ctrltype_xs/_win/
act_telop10_jp_alp_ovl.bmp,ovr_stm/ctrltype_xs/_win/
act_telop11_alp_ovl.bmp,ovr_stm/ctrltype_xs/_win/
act_telop11_jp_alp_ovl.bmp,ovr_stm/ctrltype_xs/_win/
act_telop2_alp_ovl.bmp,ovr_stm/ctrltype_xs/_win/
act_telop3_alp_ovl.bmp,ovr_stm/ctrltype_xs/_win/
act_telop4_alp_ovl.bmp,ovr_stm/ctrltype_xs/_win/
act_telop5_alp_ovl.bmp_e350349959b1556776f7b5d2e07689fc,ovr_stm/ctrltype_xs/_win/
act_telop6_alp_ovl.bmp,ovr_stm/ctrltype_xs/_win/
act_telop8_alp_ovl.bmp,ovr_stm/ctrltype_xs/_win/
act_telop9_alp_ovl.bmp,ovr_stm/ctrltype_xs/_win/
