0000c4dd,0000c4dd
0000c4dd_d0bf2476e36b7e6db64e892154845abf,0000c4dd
0003c3de,0003c3de
0003c3de_59747dd0818a4f3d78cd7938115b9093,0003c3de
0015d707,0015d707
0015d707_cd82fa959c0f81d19f22c0b0fdf8d230,0015d707
001a8739,001a8739
001a8739_9b95ed97d41ce0c9da24766f77e0bf35,001a8739
002ca269,002ca269
002ca269_3ad823d6b15d2e0656bc022f9ae4d1ed,002ca269
002d83df,002d83df
002d83df_d6d6e25cebf411fbdc10afdc75e6c763,002d83df
002d83e0,002d83e0
002d83e0_fe14aedf8aead9e025a71608da78f12d,002d83e0
0038f2a7,0038f2a7
0038f2a7_09a2e59f677ae755c7156ae89bea86a9,0038f2a7
0038f2a7_506b55e6b21d5eaec73ca5aa5ffb9a36,0038f2a7
0038f2a7_be3ef19531b3a85625ef614280f2874c,0038f2a7
0038f2a7_506b55e6b21d5eaec73ca5aa5ffb9a36,004e93c9
004e93c9,004e93c9
003997fd,003997fd
003997fd_58fcdefef3f7eda79d7e4a9f65f040ed,003997fd
004750b0,004750b0
004750b0_b04d2410ad3d8dfa5e0f135d4c15d11e,004750b0
004f1d9d,004f1d9d
004f1d9d_86994cb2425e706d85d38eb0d74da538,004f1d9d
00501d9d,00501d9d
00501d9d_1914ca0e502000992f2d09f0b7a86868,00501d9d
005d4f23,005d4f23
005d4f23_b39e4e9a25db3103157377fb4b8b0fec,005d4f23
005ff82e,005ff82e
005ff82e_177b36c205877f0112c491da63538970,005ff82e
005ff82e_f97787dc7fe63e42e80355f33d14a0d4,005ff82e
0060f82e,0060f82e
0060f82e_0264bded5e12e838c3912158a2f4d769,0060f82e
0060f82e_374e8e111c7b80fe71fb8546dc332f00,0060f82e
0061f82e,0061f82e
0061f82e_56a2e72ba853ea67570ccd655ca9d447,0061f82e
0061f82e_ca18611ab4a038674f959c4e94e7aede,0061f82e
0062f82e,0062f82e
0062f82e_3db2c3061fabc2281c2dd6b4130eedb9,0062f82e
0062f82e_ca73d55a3d70d5450a3ed37eb948cb64,0062f82e
0063f82e,0063f82e
0063f82e_0d434fbe975ba169dfc89ffe2f3f2a27,0063f82e
0063f82e_52b985aaa92b3207cd49053dffbf523d,0063f82e
0064f82e,0064f82e
0064f82e_923078466946a3acdea05dbf22e0f6e7,0064f82e
0064f82e_db973ad91fc30e3c42f866a3eb7d4d74,0064f82e
0065f82e,0065f82e
0065f82e_599e1a822c915823a768daf1f6ee7174,0065f82e
00667ab6,00667ab6
00667ab6_ef3811ba64502191909b0210b17b8b02,00667ab6
0066a618,0066a618
0066a618_476d380161520ae923d8f74ede9a2e8d,0066a618
0066f82e,0066f82e
0066f82e_e37d08b66c98c80f675d8c6d9a2cebdb,0066f82e
006797ed,006797ed
006797ed_78cb3fd6e3dcae58893fa3ca96da3211,006797ed
006897ed,006897ed
006897ed_b5a6bb72c760a236a2c84a220920037b,006897ed
0068a618,0068a618
0068a618_ba9ef0a583a2d517886f9b6c53e96e92,0068a618
006997ed,006997ed
006997ed_b20d65f1089467ce6fec4d3a8c8134c8,006997ed
006aa618,006aa618
006aa618_5e5881ab87a4498b100e3983cca31058,006aa618
006bcf85,006bcf85
006bcf85_3bbce8b6d10a47883f9038737995145a,006bcf85
0076ad61,0076ad61
0076ad61_791fdad64710d9802f4adcf5d0f3db51,0076ad61
008ae623,008ae623
008ae623_fad237f35f44f84013d072b01d34bfc0,008ae623
0094c618,0094c618
0094c618_302caf9734786b4cc1f4a66a958a6df1,0094c618
00d7a5d6,00d7a5d6
00d7a5d6_543420bb4ab393b8a988314352eaca9c,00d7a5d6
00e4d0de,00e4d0de
00e4d0de_41da87e72c01ef976b914cd59eef1df9,00e4d0de
00e8533f,00e8533f
00e8533f_c9656c04a66db3d24c7fb50dd516a45e,00e8533f
00fb5e0d,00fb5e0d
00fb5e0d_3a2f9c020f2b36a95c909e29cb3e4aae,00fb5e0d
1wallSh_alp_ovl.bmp,0030a413
1wallSh_alp_ovl.bmp_0632d8b69677918c5ecab5a7bf5e3589,0030a413
31_wall_03.bmp,008b98c2
31_wall_03.bmp_dcd28d5f145ae8e80dfbe4d117fedff0,008b98c2
B_DECK.bmp,00131d35
B_DECK.bmp_74d77fdca076cebeb0619b5ac4d9887c,00131d35
WallLc1Up2.bmp,008e5ddb
WallLc1Up2.bmp_8bcf03bfb0e39c5e15c0c5a38913842a,008e5ddb
YukaKi.bmp,00870e82
YukaKi.bmp_029438fec87469e686f9c59d2b157441,00870e82
a_alp_ovl.bmp,00955c4b
a_alp_ovl.bmp_62308f2aa3d5fa8c5cc1257773d57f34,00955c4b
ag_door_kage_alp_sub_ovl.bmp,00c608db
ag_door_kage_alp_sub_ovl.bmp_192ceb88aee6631d717247db16075c3d,00c608db
ag_ent_box_01.bmp,00457fc5
ag_ent_box_01.bmp_2df5a4e34e066ddf7a3b1a090aa6e65d,00457fc5
ag_ent_box_01.bmp_bb02e045436ed1905d40b422f072db13,00457fc5
ag_ent_box_02.bmp,00457fc6
ag_ent_box_02.bmp_6bfb885fb3b3a4429ed78ee85473debd,00457fc6
ag_ent_box_02.bmp_a5e6b0374868e49f7bb4bb45c7d00345,00457fc6
ag_rouka_roof.bmp,00e3d2d8
ag_rouka_roof.bmp_804e25b112f972f53df29a4c5663da98,00e3d2d8
ag_rouka_wall_01.bmp,0040f53e
ag_rouka_wall_01.bmp_a83933738ffce60c6d83ecef83adab25,0040f53e
aks_sb_s.bmp,002e37ff
aks_sb_s.bmp_73f39fdb33d46a0ad4126ed3d411da41,002e37ff
amg_main1.bmp,0066b476
amg_main1.bmp_f082d4708a4df07a9520bbda4506a0ac,0066b476
b_alp_ovl.bmp,00965c4b
b_alp_ovl.bmp_29d4c42def820463fd8423fe64aaf73e,00965c4b
black_add.bmp,0046d40f
w00b_dammy_sub_ovl.bmp,0046d40f
c_alp_ovl.bmp,00975c4b
c_alp_ovl.bmp_c3c45df5eff774d767719a74e507012e,00975c4b
cap_insignia.bmp,0027dd00
cap_insignia.bmp_430f42a59d786b5f3a33625879eca072,0027dd00
cap_shoe.bmp,002e5f6b
cap_shoe.bmp_419c9cebb9385f6a2d7aefeb9bb59d8f,002e5f6b
cbx_a.bmp,0062ec47
cbx_a.bmp_be89fab0e4f647837831c3734a72fc8f,0062ec47
chair02_pipe.bmp,00b681fb
chair02_pipe.bmp_0b475423fac278c1a2f428acbd23acc2,00b681fb
chair_tire.bmp,00f6d5db
chair_tire.bmp_a8cc0756194f220787b133cf0846a68e,00f6d5db
col_blk.bmp,00f12f8f
w00b_dammy_sub_ovl.bmp,00f12f8f
col_blk.bmp,005790d1
w00b_dammy_sub_ovl.bmp,005790d1
col_gry008.bmp,002fbeda
col_gry008.bmp_563deb777fff2f667a73a8acaa385975,002fbeda
col_gry024.bmp,002fbf16
col_gry024.bmp_13b642f4c31baae9642f984ba25725ad,002fbf16
col_orange00.bmp,00f7e2c2
col_orange00.bmp_49cd648f14710fb44aa6a15608f21391,00f7e2c2
col_orange02.bmp,00f7e2c4
col_orange02.bmp_5fde76a56fc5faf65381a940fcb57771,00f7e2c4
col_orange02.bmp_cbbe0e131713422ba903ae456fcbe8e2,00f7e2c4
col_red00.bmp,00baa9f5
col_red00.bmp_198c482b135a2c3a90bec693fc0969b1,00baa9f5
crd_pp05.bmp,002cfb83
crd_pp05.bmp_276e6284cf2e0055cf730766f998bbac,002cfb83
crd_pp05.bmp_68d8cf100718b565e0eecf3ff7585eb5,002cfb83
crd_pp05.bmp_c9e026756e1ac92120d9d6d7dc7f56f1,002cfb83
crg_face_sub_ovl_alp.bmp,0057ea7a
crg_face_sub_ovl_alp.bmp_0df6480b9e73a3dfae765c79bafb775a,0057ea7a
crg_shues.bmp,00cc8b98
crg_shues.bmp_19fd13d78ac0caa8f35b065ffa50fd18,00cc8b98
crg_shues_sub_ovl_alp.bmp,00afe4c6
crg_shues_sub_ovl_alp.bmp_ec89b524e5f1c44785abbf10997f5b29,00afe4c6
d_alp_ovl.bmp,00985c4b
d_alp_ovl.bmp_b617ac34f3e92b7018d5a21fd3b7a4ab,00985c4b
d_sky_top_01_alp.bmp,00e09b56
d_sky_top_01_alp.bmp_8f57f7dc8141fdfd06af182d04249af3,00e09b56
door_b00.bmp,00544ad5
door_b00.bmp_d4551b6ea28812aeacc1ce89ad889e10,00544ad5
door_c00.bmp,00544ed5
door_c00.bmp_17566e06db4ba4c1a6a196a6cd650101,00544ed5
drp_00.bmp,005982ff
drp_00.bmp_4caada4d15a64a1c4b047e6e8227e4aa,005982ff
drp_00b.bmp,0030604d
drp_00b.bmp_b79ec594d4e58e0b4cf32b6925773e01,0030604d
e_alp_ovl.bmp,00995c4b
e_alp_ovl.bmp_8e27cb0e71983c0e48ae8d1f53626f8d,00995c4b
elvt_belt3.bmp,00640c84
elvt_belt3.bmp_e4125d4ab7767c422823a1b9c713003b,00640c84
elvt_ent_tate.bmp,00145f3a
elvt_ent_tate.bmp_001a2a68b69c95e97beda84a015a4cf2,00145f3a
elvt_fi_alarm_alp_ovl.bmp,00cc8cb0
elvt_fi_alarm_alp_ovl.bmp_455b5d810fc2470de1b126d7978c8e4a,00cc8cb0
elvt_nwall3.bmp,009bf7f8
elvt_nwall3.bmp_bf015dedc16f8456113f1ee59116726e,009bf7f8
ema_leg_sub_alp_ovl.bmp,00a901bb
ema_leg_sub_alp_ovl.bmp_59cf833a559696b26388f9f9abed5184,00a901bb
emt.bmp,0001a214
emt.bmp_92218c4eceae5cac3617475a1397d4b5,0001a214
evdr_00.bmp,007a9c62
evdr_00.bmp_39b5f6478adda7cf5919f3e52b8bbb66,007a9c62
evdr_01.bmp,007a9c63
evdr_01.bmp_e6cce9811b5c263315fd42e990d92d0e,007a9c63
exit_alp_ovl.bmp,00c890b8
exit_alp_ovl.bmp_6caebe23bde6080a351ba6c3fd17f622,00c890b8
exit_alp_ovl.bmp_794456ba9bbbfd3e16cf3cf4157c6d56,00c890b8
exit_alp_ovl.bmp_7f9196f232454b86ef93cc3591f1f2ab,00c890b8
f_alp_ovl.bmp,009a5c4b
f_alp_ovl.bmp_dacca138520a09db2f382cd802c85ce1,009a5c4b
fat_face_re.bmp,00fb1e91
fat_face_re.bmp_a65902de0116b1a4ce6a1647e832d293,00fb1e91
fat_pias_alp_ovl.bmp,00f58944
fat_pias_alp_ovl.bmp_49150a74dd0fd7cd13ca0f60cd40eca7,00f58944
fat_poket01.bmp,007b6cba
fat_poket01.bmp_fdadb254bd6a0857d5c232a10b14c8ff,007b6cba
flag_sons_of_liberty.bmp,00ff1025
flag_sons_of_liberty.bmp_7e2566178b199d687cf71dab30a04d87,00ff1025
fms_alp_ovl.bmp,00475df1
fms_alp_ovl.bmp_afd64baad5879a54d69dceeb416e0963,00475df1
fog_alp.bmp,00a12c54
fog_alp.bmp_89315646b7dba5a15df7df074a2ef3af,00a12c54
gw_arm_l.bmp,004e16d0
gw_arm_l.bmp_95c9dae709c83f1311d1d1cf50effdb5,004e16d0
gw_arm_r.bmp,004e16d6
gw_arm_r.bmp_9fa97e7ff483cbd160b4351f061d624b,004e16d6
gw_best.bmp,0022bd88
gw_best.bmp_812bdd50737a2b3900ee9156f62eb110,0022bd88
gw_calf.bmp,00232c9a
gw_calf.bmp_2afce56e3f006c87208f853b1a707f7c,00232c9a
gw_coat_b.bmp,008d2ccf
gw_coat_b.bmp_2679756916efd1fbb3c0bc15178ed76f,008d2ccf
gw_coat_c.bmp,008d2cd0
gw_coat_c.bmp_30ddf378a71c0a16117ae815b3131e1f,008d2cd0
gw_coat_f.bmp,008d2cd3
gw_coat_f.bmp_a9fbec5e21327a1b288d2f852444fd5d,008d2cd3
gw_coat_l.bmp,008d2cd9
gw_coat_l.bmp_3bbe5b954bff5c956234d135c3f232b1,008d2cd9
gw_coat_r.bmp,008d2cdf
gw_coat_r.bmp_1e33986f478f953ff26681ab56be3c04,008d2cdf
gw_face.bmp,0024ab79
gw_face.bmp_fb42da3206768c3c1fb1fa4d0ebef94e,0024ab79
gw_foot.bmp,0024e508
gw_foot.bmp_cdeca4c84e9da916e205f33a3488a2ee,0024e508
gw_hair.bmp,0025ac46
gw_hair.bmp_4fafaa25015367cd3aafedaee8107658,0025ac46
gw_hand_l.bmp,00b36ce2
gw_hand_l.bmp_b4b99cd46f245eedd313b9bb1eaeac2c,00b36ce2
gw_hand_r.bmp,00b36ce8
gw_hand_r.bmp_d53377f0b3971af597917bfeb3e5e0f1,00b36ce8
gw_hip.bmp,00a12e65
gw_hip.bmp_419c2913b9611db428da029717204082,00a12e65
gw_jacket_b.bmp,0026c6fa
gw_jacket_b.bmp_9381f4ef0a7a77b3f3eb23b2b58fa7db,0026c6fa
gw_jacket_l.bmp,0026c704
gw_jacket_l.bmp_ab71d351b0cbf4d74b1b9257bf45c396,0026c704
gw_jacket_r.bmp,0026c70a
gw_jacket_r.bmp_ddbdc2ebb799174d0d4eae3bfa09f583,0026c70a
gw_pole.bmp,0029e499
gw_pole.bmp_9a8b511ccd76bd33dc31cc0d3f59ad2e,0029e499
h_alp_ovl.bmp,009c5c4b
h_alp_ovl.bmp_195755e5686e25eaa259a854a626b6f0,009c5c4b
ibox_all1.bmp,008e6a67
ibox_all1.bmp_31a66cf74cfe6ea8bc58c6a995ea8c33,008e6a67
ibox_tx_all_alp.bmp,00f750b4
ibox_tx_all_alp.bmp_542a0e8227207db0a7c5b8c61cc0345d,00f750b4
ibox_tx_all_alp.bmp_791e610c4fcf41bf273b86f3bef405c7,00f750b4
ibox_tx_all_alp.bmp_c9d3a3451227c3cc7e6447a2754c7b93,00f750b4
iro_face.bmp,0027f629
iro_face.bmp_c2887b3a82812f39ba6df6e2295dab8a,0027f629
k100.bmp,00364a30
k100.bmp_054638f0c3d9437b10ac3ca959481112,00364a30
k100.bmp_3800de3fc70fc76fdb0911c786e7afb4,00364a30
k100.bmp_054638f0c3d9437b10ac3ca959481112,00be248f
w00b_dammy_sub_ovl.bmp,00be248f
k_alp_ovl.bmp,009f5c4b
k_alp_ovl.bmp_7fe64e4db1f9203a7b1358af99cce877,009f5c4b
kama.bmp,00371201
kama.bmp_d97663920bd4169a4a7934b6a31ed7a9,00371201
kiTabAsi.bmp,004585b7
kiTabAsi.bmp_29076630c1141bd2cd262db7001fb8df,004585b7
kiTabUp2a.bmp,00baa469
kiTabUp2a.bmp_02cd1af7fc3c2bc6ac541d04e3c1fc94,00baa469
kiTabUp3.bmp,0045d521
kiTabUp3.bmp_481bf775678538741c9d7af8f69df51b,0045d521
kiTabUp4.bmp,0045d522
kiTabUp4.bmp_c939db4e0aa632ad017a049c99cb5b93,0045d522
kictJagu.bmp,006a0462
kictJagu.bmp_3b15a9c8e960cef207198bf62fd722b4,006a0462
kictMe.bmp,00c35ae1
kictMe.bmp_fafb163149953d777997f9fa0d4f83f8,00c35ae1
kictObunT.bmp,009143c1
kictObunT.bmp_7f8b85444221aa1d75a43df064e1c616,009143c1
kictPa1S.bmp,006cfd80
kictPa1S.bmp_5390dffaff1ecaa46ebac091b92f9134,006cfd80
kictPa1S2.bmp,009fb03f
kictPa1S2.bmp_d2a39b3d8b7f27544768c4d50955adc6,009fb03f
kitBenF.bmp,0062bd9f
kitBenF.bmp_b4c0984ef003e4740592c115e7cc8066,0062bd9f
kitDaiF.bmp,0063acff
kitDaiF.bmp_f955769afe56243c99ca706b761e63b1,0063acff
kitDaiF2.bmp,0075a01e
kitDaiF2.bmp_91690c157bf985c300daa8c6f4963964,0075a01e
kitDaiF2a.bmp,00b4042f
kitDaiF2a.bmp_58135d76f749d8deb2037a34192391e3,00b4042f
kitDaiFU.bmp,0075a041
kitDaiFU.bmp_34fde8a551e5833817d2137e60af5b87,0075a041
kitDaiKama.bmp,0083c3d7
kitDaiKama.bmp_66d436ce4bd69e7df46229212d25c14b,0083c3d7
kitDaiS.bmp,0063ad0c
kitDaiS.bmp_477bb8091a970faf8adb309b27030ab0,0063ad0c
kitKabF.bmp,00672c1f
kitKabF.bmp_9ccae2602c65b0ad0b91d57176938fa7,00672c1f
kitNabD.bmp,0068ac1d
kitNabD.bmp_8a0377f2042749e7c914c6e35d7363aa,0068ac1d
kit_fl_ent.bmp,00bddad4
kit_fl_ent.bmp_9496c9ea4b522a92eccf6b702345a7f5,00bddad4
kit_na_f.bmp,002c0374
kit_na_f.bmp_d2246e08b538bd27e98970a9c0469f82,002c0374
l_alp_ovl.bmp,00a05c4b
l_alp_ovl.bmp_3ec8086acbe2099214f0863735b9c8c4,00a05c4b
label00_alp_ovl.bmp,002cb09d
label00_alp_ovl.bmp_1c93414ee6868e6f9ad3facf3f6782e4,002cb09d
lamp_off_alp_add_ovl.bmp,0089304d
w43a_ent_light_alp_add_ovl.bmp,0089304d
ligBodyF.bmp,005c9a78
ligBodyF.bmp_133cf39aecc6f3edc2f8fe29b1c55f9d,005c9a78
ligBodyS.bmp,005c9a85
ligBodyS.bmp_af30507d0cffb6c7b4d61e89baa6daff,005c9a85
ligBodyU.bmp,005c9a87
ligBodyU.bmp_42053b83be344f36504388230b8d59f9,005c9a87
litA1_add_alp.bmp,00cc1956
litA1_add_alp.bmp_4d053ed55a7b98b83c4ecba8517bdedb,00cc1956
loc_01_soto.bmp,00715115
loc_01_soto.bmp_3d53903c260335fb987b20ce8ead928a,00715115
loc_01_soto_02.bmp,008c3ada
loc_01_soto_02.bmp_0648298d265a58b8add203648c7d99e5,008c3ada
loc_01_soto_02.bmp_a2e9d4567fdda3f607006e2d5a97db5b,008c3ada
loc_door_02.bmp,007095d5
loc_door_02.bmp_bf5b4ec7ebe533a0c1947ae7ce2f508f,007095d5
m4a_light.bmp,0064e279
m4a_light.bmp_5758ef839d43e13183cf3678664d0e6e,0064e279
m92_sb_all.bmp,002bbaa6
m92_sb_all.bmp_934c22e984e448da6c9f91fc36e0c08e,002bbaa6
mark_warning_alp_ovl.bmp,00f7634b
mark_warning_alp_ovl.bmp_b02569d9d2fe228c695d6e54a1f86d70,00f7634b
mog_loc2_inner.bmp,009c0f61
mog_loc2_inner.bmp_1d16428e578cea9d01dde7a99915c874,009c0f61
mog_loc2_inner.bmp_d7f08e98a624c2d19b0451eccba4fc48,009c0f61
mog_loc2_inner.bmp_da1d6f25bb8a0aee2f6cf037de145b82,009c0f61
mrl_belt.bmp,00262752
mrl_belt.bmp_022e12dbdf7b8ae8b649f6edf76c505a,00262752
mrl_boot_T_0006.bmp,00866fd6
mrl_boot_T_0006.bmp_59183955acc81e5068d5f691c153560c,00866fd6
mrl_face001.bmp,00125a3c
mrl_face001.bmp_cf82424fcb94f38f5181add919c35cc7,00125a3c
mrl_face_sub_ovl_alp.bmp,00588a7f
mrl_face_sub_ovl_alp.bmp_3d157db90c9f53521933b0b8b3e74e25,00588a7f
mrl_leg_tes02_r.bmp,007ddb7c
mrl_leg_tes02_r.bmp_b9b44f32f713e9b80a3f84ffbe511a86,007ddb7c
mrl_leg_tes04.bmp,00ca9f75
mrl_leg_tes04.bmp_6b5a7c957e2e232842f826815723f6ab,00ca9f75
mrl_p_ovl_mod1120_alp_emap.bmp,00f02487
mrl_p_ovl_mod1120_alp_emap.bmp_83783131dc27090836eaed9f893aff3f,00f02487
nkt_msl_body.bmp,00058752
nkt_msl_body.bmp_783bdf47a2cd4bcfd8edb391e2c88da4,00058752
node_body_fs.bmp,00665360
node_body_fs.bmp_2d232c1841622a956636280f693cb07c,00665360
node_body_fs.bmp_ca94f387cf909222ecc07f2cf57c7437,00665360
node_body_fs.bmp_d819c57df00f391256bc3bf38120bad6,00665360
node_elebox.bmp,003b58af
node_elebox.bmp_b4c2568c09313c1b4aaeb57bd03443b7,003b58af
node_pipe_alp_ovl.bmp,0069f78f
node_pipe_alp_ovl.bmp_d2e26dc22aa153eff8267589cff125d9,0069f78f
orp_boot11.bmp,007eeeea
orp_boot11.bmp_41f82e6a30bb7b02db79623a7af71771,007eeeea
orp_chest_j_meisai_re.bmp,00900c8a
orp_chest_j_meisai_re.bmp_957a88ed297ab2639c6e89e823337953,00900c8a
orp_chest_re_s_alp_sub_ovl.bmp,003d3fa2
orp_chest_re_s_alp_sub_ovl.bmp_1783abdbe82c7d8bf4711a8eda1bf181,003d3fa2
orp_chest_s_re.bmp,00dba9dc
orp_chest_s_re.bmp_b6cbd75d2c45b5510f58574f6b202217,00dba9dc
orp_eri2_meisai_re.bmp,0035f8be
orp_eri2_meisai_re.bmp_bc88fb1e44ae3c046de504850142dc06,0035f8be
orp_face2_sub_alp_ovl.bmp,008ffdf2
orp_face2_sub_alp_ovl.bmp_f802079eb6ceac39b15b89fa14067f5b,008ffdf2
orp_face_retach.bmp,00bd02b3
orp_face_retach.bmp_0e6325221940c6ed91356bbf364e91c4,00bd02b3
orp_face_retach.bmp_52c9c67e50e94dbb4dab8c0eb4360a13,00bd02b3
orp_matg_alp_ovl.bmp,008187f3
orp_matg_alp_ovl.bmp_ccb972f6475085ff31652b14cdabffa0,008187f3
otc_arm2.bmp,0025eb9e
otc_arm2.bmp_3a23c63ee1547e59dd5dc8007ece4966,0025eb9e
otc_body3.bmp,00cbd8d7
otc_body3.bmp_b56e20802fa34c80354ac6040c7c87a2,00cbd8d7
otc_eri2.bmp,0027eb1e
otc_eri2.bmp_8f19c892e141d1d84e27bcfc82855c0f,0027eb1e
otc_eye_ovl_sub_alp.bmp,00838eff
otc_eye_ovl_sub_alp.bmp_9421d623f841d62c323b3ceb35b9e232,00838eff
otc_f_ovl_mod1120_alp_emap.bmp,00a810c9
sna_f_ovl_mod1120_alp_emap.bmp,00a810c9
otc_glasses.bmp,00316d7c
otc_glasses.bmp_1a0b4094b97dbed06231a0fc02e3b0a0,00316d7c
otc_hi_face_sub_ovl_alp.bmp,004cd8a8
otc_hi_face_sub_ovl_alp.bmp_4efb956ecb9f5c16367dc35e559f3f8c,004cd8a8
otc_jeans55.bmp,002ee7f0
otc_jeans55.bmp_5576421e45ef97ae397b7bb3223a7b5e,002ee7f0
otc_neck.bmp,002c3697
otc_neck.bmp_dbd9c02462c7c351550b6d6507fe747d,002c3697
otc_neck_sub_ovl_alp.bmp,005fcac1
otc_neck_sub_ovl_alp.bmp_1b04853825d909c0a0337858b401ad11,005fcac1
otc_phone.bmp,00a883aa
otc_phone.bmp_c25c8893c7db467d06f9e857cf2ec441,00a883aa
otc_shues.bmp,00d89a98
otc_shues.bmp_86d4096c0362cba7e2bbb23ce28bd82b,00d89a98
pdray_eye_pera.bmp,00926445
pdray_eye_pera.bmp_bb9309c5e4ad36e8efa8e622b2d90de3,00926445
pdray_foot_s.bmp,00ce7684
pdray_foot_s.bmp_b591042274754dbbea580f742a8afcc8,00ce7684
pdray_shoulder_f1.bmp,00478156
pdray_shoulder_f1.bmp_35970c0e9af0c566985d4da199363917,00478156
pipe_02.bmp,00341f0b
pipe_02.bmp_223d98d47c57be709493717a21130d6f,00341f0b
pipe_hold_02.bmp,005bcec9
pipe_hold_02.bmp_f1eff27293918fb6c5d6ad183a56a21a,005bcec9
pit_face2_ovl_sub_alp.bmp,0069c943
pit_face2_ovl_sub_alp.bmp_6db9591385198a710491f1b539611f0b,0069c943
pit_face_ovl_alp_emap_mod1120.bmp,00905172
pit_face_ovl_alp_emap_mod1120.bmp_dbec3efa27e6d1b17c555db5e581bceb,00905172
pit_food_c.bmp,0095d4e4
pit_food_c.bmp_34cbc68775c7cff51c1749b7d1398731,0095d4e4
pit_food_c_sub_ovl_alp.bmp,0044a15b
pit_food_c_sub_ovl_alp.bmp_440f8c1ac67431ba6eae47fab033aa6f,0044a15b
pit_food_s.bmp,0095d4f4
pit_food_s.bmp_c5532a65e21a91fcf9dcfee4619c7e9a,0095d4f4
pit_food_s_sub_ovl_alp.bmp,0045a15b
pit_food_s_sub_ovl_alp.bmp_344b20080ef3f6e16f931b639532c245,0045a15b
pit_jaket2_ovl_alp_emap_mod1120.bmp,00ef2089
pit_jaket2_ovl_alp_emap_mod1120.bmp_48f8785725b7c608d1452433646e3b71,00ef2089
pit_shatu00.bmp,00e2f193
pit_shatu00.bmp_2b313308c7c0d0897a0f4e678e04353a,00e2f193
pit_shoese_ovl_sub_alp.bmp,00385b49
pit_shoese_ovl_sub_alp.bmp_d0b4473d7c9af32a64c29f76cbe1d996,00385b49
pl_box_d.bmp,005d0808
pl_box_d.bmp_0b7aa3985072ee5fc3c8326c6851989c,005d0808
pl_box_d.bmp_2117c59d0da63b31b584742688c7fa76,005d0808
ptr_face03.bmp,00bac2d3
ptr_face03.bmp_b289bdfbbb58e30a73b2a6a2b3ba988b,00bac2d3
ptr_hand_sub_alp_ovl.bmp,00377039
ptr_hand_sub_alp_ovl.bmp_485196e9a74ca91da5c7c4910384d82d,00377039
ptr_mtg_alp_ovl.bmp,000aadab
ptr_mtg_alp_ovl.bmp_1dee7c33f8c04c57c9230facad52d73e,000aadab
pumpIn.bmp,00884a75
pumpIn.bmp_d158ec1bae8868a7fb57a3d368a5647f,00884a75
rai_arm.bmp,00c12ff5
rai_arm.bmp_dc4b7ac4e9bc0996f675a2aa880b0a4d,00c12ff5
rai_arm_fix_ovl_sub_alp.bmp,0009d1bf
rai_arm_fix_ovl_sub_alp.bmp_e9340309b4fea037783347dd3285b3c1,0009d1bf
rai_foot_fix_ovl_sub_alp.bmp,004d4826
rai_foot_fix_ovl_sub_alp.bmp_29be7bb5ef9dee5d92da7b6bde90985b,004d4826
ray_canopy.bmp,00edab13
ray_canopy.bmp_69536e0cc16b5504c7afe3237c9f388a,00edab13
ray_canopy_sub_ovl_alp.bmp,00a796d8
ray_canopy_sub_ovl_alp.bmp_262887ad5d1a24632bc26b95450cb515,00a796d8
ray_eye_blur_alp.bmp,008b65fb
ray_eye_blur_alp.bmp_517d03bda499e745cec9fdeb2a4a1f63,008b65fb
ray_lip_out.bmp,00cd60c1
ray_lip_out.bmp_3029ef32c6c3dd8db20f9741d8a813e8,00cd60c1
rev_hi_face_ss_fix.bmp,008cd032
rev_hi_face_ss_fix.bmp_2f7725ac343d2359573e1268f4b45d28,008cd032
rev_spur_01dt_ovl_alp.bmp,00768d66
rev_spur_01dt_ovl_alp.bmp_74d812bdb6558269c32b7e9217a7b2f7,00768d66
rgb_sb_body.bmp,0067e058
rgb_sb_body.bmp_2f0d86d85ea774f8976cc6b4aac67670,0067e058
rgb_sb_muzzle.bmp,00ec739a
rgb_sb_muzzle.bmp_cd50a1055e9aaf1f63580648e71f4e0e,00ec739a
rifle_ibox.bmp,00d26236
rifle_ibox.bmp_94bca08db682d231ae1d48d2b6385598,00d26236
roofPi1yoko1.bmp,00120f85
roofPi1yoko1.bmp_45cf8dad6f040bf5589de879813e7be6,00120f85
roofPi1yoko2.bmp,00120f86
roofPi1yoko2.bmp_3c2d131fe7cc251d7e2cbe74756ede09,00120f86
sco_body_kubi.bmp,007455e9
sco_body_kubi.bmp_70cbeeac4ae8ba4567a52a83c9b9926d,007455e9
sco_boots.bmp,00cf7f77
sco_boots.bmp_9abb99c14789bfd99879b434af4f2e1b,00cf7f77
sco_boots2.bmp,00efef2b
sco_boots2.bmp_c25a19e9d29d7dec36db77d1571f0dfb,00efef2b
sco_hand_in.bmp,00e59e2f
sco_hand_in.bmp_f6498f65164dc03021279787e2dee468,00e59e2f
sco_hand_o_ovl_sub_alp.bmp,004f99de
sco_hand_o_ovl_sub_alp.bmp_7ae46165cf53cfc184eb18f1cbb93ce8,004f99de
sco_hand_out.bmp,00b3df50
sco_hand_out.bmp_ad41d81d897d17742e9523c34d61dadf,00b3df50
sco_n3_ude_u_ovl_sub_alp.bmp,000fa551
sco_n3_ude_u_ovl_sub_alp.bmp_160fc82beaf190aad4b9ed0deee98d37,000fa551
seculitycard_lv1_alp.bmp,0038c1a8
seculitycard_lv1_alp.bmp_89c61a473bb530b5626fa49561bf2d2a,0038c1a8
skk_01.bmp,00e7031d
skk_01.bmp_8dd23f4fa615fc1e9e352f589c530f49,00e7031d
skk_01.bmp_fa1b59e1bada4a68d29cd558a067c3fe,00e7031d
skk_02.bmp,00e7031e
skk_02.bmp_34cbc447933333d116d7bac586fa0b43,00e7031e
skk_02.bmp_434448523018e3bcd90f271906275d50,00e7031e
sna_hand2.bmp,0028cdb7
sna_hand2.bmp_3cff2f25731c2da05cc48c9b10151e46,0028cdb7
sna_hi_eye01dt.bmp,00c1f536
sna_hi_eye01dt.bmp_c0784f99238a539837ac94a145e6ffbf,00c1f536
sna_hi_finger2.bmp,006e46d5
sna_hi_finger2.bmp_30131ba62198b2ca52fa47fb49a83e28,006e46d5
sna_hi_hand1.bmp,0034dafa
sna_hi_hand1.bmp_dd79968fb142ed937ec32aefda93b02e,0034dafa
so_wi_waku_f.bmp,00a1fc42
so_wi_waku_f.bmp_2a4da7ecf84ff2feb3de4ff20c66c0c4,00a1fc42
soltS.bmp,00693eda
soltS.bmp_9ec8e00d6ae71c572f5a670040ac98fe,00693eda
sosuS.bmp,00695afa
sosuS.bmp_8e92fc0a7c4edf084c06c082554d82d6,00695afa
sp21a_sdwbox01a_alp_ovl.bmp,006e828a
sp21a_sdwbox01a_alp_ovl.bmp_627c0aff71e2c0006ff00d92280ffb2c,006e828a
sp25a_sdw25_alp_ovl.bmp,005651e8
vs04a_sdw06_alp_ovl.bmp,005651e8
speaker01.bmp,005ae83a
speaker01.bmp_eca4c136e484651509b11b773d32f163,005ae83a
speaker02.bmp,005ae83b
speaker02.bmp_60d9fe67157117c03c26035ec72537cd,005ae83b
sr01j_alp_ovl.bmp,00c5c611
sr01j_alp_ovl.bmp_71b551295ba518fae4283bd712544a6d,00c5c611
sr02j_alp_ovl.bmp,00e5c611
sr02j_alp_ovl.bmp_4a09a9b88e5c9d0cf6da451edf0dbec7,00e5c611
sr04e_alp_ovl.bmp,0020c612
sr04e_alp_ovl.bmp_7df013dc1a4acc27c98bdd79b9268942,0020c612
sr04j_alp_ovl.bmp,0025c612
sr04j_alp_ovl.bmp_1383a677978c887d8f593c2469a8401a,0025c612
sr05e_alp_ovl.bmp,0040c612
sr05e_alp_ovl.bmp_fa8e2b5b866afff71bcedae16df8e3df,0040c612
sr05j_alp_ovl.bmp,0045c612
sr05j_alp_ovl.bmp_bf1906e485ccafe1c218be12a5453562,0045c612
sr06e_alp_ovl.bmp,0060c612
sr06e_alp_ovl.bmp_93ce3028cb41917a7f5a86e1a5cef339,0060c612
sr06j_alp_ovl.bmp,0065c612
sr06j_alp_ovl.bmp_3930ac3de40a80d7335f659d8d3b18df,0065c612
sr07e_alp_ovl.bmp,0080c612
sr07e_alp_ovl.bmp_1facc522d39aa7af4c8f475392ce56fb,0080c612
sr07j_alp_ovl.bmp,0085c612
sr07j_alp_ovl.bmp_df4abf9598b5e1aaa1c931ea907a758a,0085c612
sr08e_alp_ovl.bmp,00a0c612
sr08e_alp_ovl.bmp_94c5b46b1b4c4dd69ab4b85ecd7d43fe,00a0c612
sr08j_alp_ovl.bmp,00a5c612
sr08j_alp_ovl.bmp_501fe309963ffa2693e775abe15afe45,00a5c612
sr09e_alp_ovl.bmp,00c0c612
sr09e_alp_ovl.bmp_2bec0cf6e2d48a41d9297cf01513f45c,00c0c612
sr10e_alp_ovl.bmp,00a0c615
sr10e_alp_ovl.bmp_1927c59b5a429c24eac1732749ce574a,00a0c615
sr11e_alp_ovl.bmp,00c0c615
sr11e_alp_ovl.bmp_cb0dce75f41243b62d86315f2154df35,00c0c615
sr11j_alp_ovl.bmp,00c5c615
sr11j_alp_ovl.bmp_d403a96582282e98da76e6194a8a4c58,00c5c615
sr12e_alp_ovl.bmp,00e0c615
sr12e_alp_ovl.bmp_49da83a2fc34ffff91d496c4100267ab,00e0c615
sr12j_alp_ovl.bmp,00e5c615
sr12j_alp_ovl.bmp_17fe60f718f515850942f8f66ba0be2a,00e5c615
sr13e_alp_ovl.bmp,0000c616
sr13e_alp_ovl.bmp_8e5d765a189254623f05bef061d0db1a,0000c616
sr14e_alp_ovl.bmp,0020c616
sr14e_alp_ovl.bmp_ea172754f17f49457f2f04ae2319add2,0020c616
sr14j_alp_ovl.bmp,0025c616
sr14j_alp_ovl.bmp_104b15f9971860fa4c6923382baf1463,0025c616
sr18e_alp_ovl.bmp,00a0c616
sr18e_alp_ovl.bmp_472bed0a443e29c45de18a81421d2ee0,00a0c616
ssk_all.bmp,00e12f98
ssk_all.bmp_0f6ded3c2295b9f13b65e8288502b515,00e12f98
tabCaseY.bmp,00661201
tabCaseY.bmp_427b54c7ebd80e565cfad6a211d94952,00661201
test_lit1_add_alp.bmp,00d3c1f6
test_lit1_add_alp.bmp_318341ad48ae8cf5060d706dfcae454f,00d3c1f6
tgt_color2.bmp,0012830e
tgt_color2.bmp_706ff9ab264467abb99d3cbb5425c22e,0012830e
tnc_leg.bmp,00615ae9
tnc_leg.bmp_04e3234b202a1e277f594ec1fcd497ce,00615ae9
tnc_re_arm201.bmp,00b40752
tnc_re_arm201.bmp_3eda6f59cb3783285a569d74860d6925,00b40752
tnc_re_faceneck_dead.bmp,00fe371e
tnc_re_faceneck_dead.bmp_0e551a799467218ab1818640b8ee2d96,00fe371e
usp_sb_all.bmp,0067aaa7
usp_sb_all.bmp_cdb943d53c81d48a3e26a8100d3c47be,0067aaa7
v_machine_02.bmp,00187195
v_machine_02.bmp_aca8a6af76b8c566fd39b3feb05a4080,00187195
vmp_coat_body_back.bmp,000475b8
vmp_coat_body_back.bmp_8eeeb5146f48078e70242feed448b46d,000475b8
vmp_eri_belt.bmp,0085240e
vmp_eri_belt.bmp_6e4be7e6df81f272c20b7a5649956fd8,0085240e
vmp_knifecase.bmp,00d93623
vmp_knifecase.bmp_9f186f8ec6de85defe33e0be691d6dce,00d93623
vr2_wall_textless.bmp,002c98c9
vr_wall_01.bmp,002c98c9
vr_wall_01.bmp_56168a6e6ca88d12cb71a5e299bd04d9,002c98c9
vs01a_sdw05_alp_ovl.bmp,005551d0
vs01a_sdw05_alp_ovl.bmp_40b97c8de7e575d4104872b918f29e71,005551d0
vs01a_sdw06_alp_ovl.bmp,005651d0
vs01a_sdw06_alp_ovl.bmp_9cf945d44ef4158476a20499bed16e15,005651d0
vs03a_sdw05_alp_ovl.bmp,005551e0
vs03a_sdw05_alp_ovl.bmp_f9a840517b1ca5676c659c9c4cb3da9a,005551e0
vs04a_sdw05_alp_ovl.bmp,005551e8
vs04a_sdw05_alp_ovl.bmp_3f1603f4c53b27d35bd771aa02e3be6a,005551e8
w00_blc_u1.bmp,0004a36b
w00_blc_u1.bmp_a248990b0be0a97361cdd3f07ff6fec9,0004a36b
w00_blc_u1.bmp_cfd9efc7b43957745c9bf46871fe11a6,0004a36b
w00_wng_u1.bmp,0026a395
w00_wng_u1.bmp_3f957df1c534fa76d26519cb029cce76,0026a395
w00_wng_u2.bmp,0026a396
w00_wng_u2.bmp_273e2424025b59f7f77541d55438dda8,0026a396
w00_wng_u3.bmp,0026a397
w00_wng_u3.bmp_ecc7f93dfb421763e79aa897bc1bca51,0026a397
w00a_blc_s1.bmp,00262cfe
w00a_blc_s1.bmp_11f66effee79793a24dc40a2482299da,00262cfe
w00a_blc_t1.bmp,00262d1e
w00a_blc_t1.bmp_7f11fc01c0e5875532e7dd318d7c9e68,00262d1e
w00a_blc_t1.bmp_c76e68d9706f103c59be56d48ceb6867,00262d1e
w00a_w2v.bmp,0045271c
w00a_w2v.bmp_59002ddd18d1b64a257874c0559af9aa,0045271c
w00ak_crps_saku_msk.bmp,00aa91dc
w00ak_crps_saku_msk.bmp_50b2d5d61891091657d01c88babeca5b,00aa91dc
w00ak_crps_tsr1.bmp,0095b9b3
w00ak_crps_tsr1.bmp_3d24cf44976efdff0e00afe3cfe81bd3,0095b9b3
w00ak_crps_tsr2.bmp,0095b9b4
w00ak_crps_tsr2.bmp_d1a68e5584d236c2d3f9882383c6e348,0095b9b4
w00ak_wnc_s1.bmp,0077b78c
w00ak_wnc_s1.bmp_038f948cdc8410f4897f96400bd18b94,0077b78c
w00b_mushroom.bmp,0064d946
w00b_mushroom.bmp_5e3a7780abfc18549f6a4b034fef18bc,0064d946
w00b_wallmain1_ref.bmp,00862bfc
w00b_wallmain1_ref.bmp_78c52d902dd3a2f081f6da5faa61474f,00862bfc
w00m_winch_face4.bmp,008a50c6
w00m_winch_face4.bmp_66d35506ebb6b42785de008e8285c263,008a50c6
w00m_wiremsk.bmp,00c495aa
w00m_wiremsk.bmp_b7c8aa1f3ce4f4833645db54a951b370,00c495aa
w01a0_box00.bmp,008d7cd6
w01a0_box00.bmp_13697023b3215bf4b8c06859020cd441,008d7cd6
w01a0_pp01.bmp,003b66e6
w01a0_pp01.bmp_c4f68f448cb866fd05ff299f47307e75,003b66e6
w01a0_pp02.bmp,003b66e7
w01a_rename1.bmp,003b66e7
w01a0_pp02.bmp,00a2533c
w01c_pp00.bmp,00a2533c
w01a0_pp02a.bmp,006cdd48
w01a0_pp02a.bmp_a1babc0a305c216c4917013af0da720b,006cdd48
w01a0_pp02c.bmp,006cdd4a
w01a0_pp02c.bmp_f66e681dccc334159e9b01c38d2e0dac,006cdd4a
w01a0_rf02.bmp,003c3ee7
w01a0_rf02.bmp_39c177ca0c50c93fd3f5efaf30e55d40,003c3ee7
w01a0_rf03.bmp,003c3ee8
w01a0_rf03.bmp_976dc830fbd477fadd5940a275baca65,003c3ee8
w01a0_rf03a.bmp,0087dd68
w01a0_rf03a.bmp_7cbd42fa77387d3b0f7f35c7fd8553c6,0087dd68
w01a0_rf04.bmp,003c3ee9
w01a0_rf04.bmp_6e365051b15177e7e4a3f7bfde8d8651,003c3ee9
w01a0_rf05.bmp,003c3eea
w01a0_rf05.bmp_48ed620b6124a0735ccbb1fecfc30a38,003c3eea
w01a0_rf05a.bmp,0087dda8
w01a0_rf05a.bmp_4727247c5f06f873e9bd04143080916e,0087dda8
w01a0_rf06.bmp,003c3eeb
w01a0_rf06.bmp_90fa0509b87ab68d3b12af560259157d,003c3eeb
w01a0_rf07.bmp,003c3eec
w01a0_rf07.bmp_ea80884f64793dde75381de817553e2d,003c3eec
w01a0_rf08.bmp,003c3eed
w01a0_rf08.bmp_9aaaff4c7be06b5369ac16e3209af4e5,003c3eed
w01a0_rf09.bmp,003c3eee
w01a0_rf09.bmp_cd8641d21a152fbacb0ffc3e58791479,003c3eee
w01a0lc_loc2.bmp,00aaa0a4
w01a0lc_loc2.bmp_dcda85c146eb919009467414b587976e,00aaa0a4
w01a1_bk04.bmp,003452eb
w01a1_bk04.bmp_11c3459a5f6be596553fb47058ceb1f9,003452eb
w01a1_clit01.bmp,00793304
w01a1_clit01.bmp_642f81b45669749eafe80f4018a5d87c,00793304
w01a_fp01.bmp,009d5339
w01a_fp01.bmp_bb3527af23e285820699f83c6edb27e1,009d5339
w01a_rfc05.bmp,00663349
w01a_rfc05.bmp_33b7c8a9295f1c42ec93f7fc8a0f1a08,00663349
w01a_win00.bmp,00b7df44
w01a_win00.bmp_ba5858322705ed1d0a27a44024de9931,00b7df44
w01b1_loc00.bmp,002d3117
w01b1_loc00.bmp_36cbdb53dc690dc4a24e99f46ce3a33c,002d3117
w01b1_loc03.bmp,002d311a
w01b1_loc03.bmp_60f37694dcbe5923242aee2ef3b4726c,002d311a
w01b_wa02_bld080_ovl.bmp,00ac177a
w01b_wa02_bld080_ovl.bmp_f708135ced1613e954428fa8f8c07316,00ac177a
w01b_wa02a_bld080_ovl.bmp,00547401
w01b_wa02a_bld080_ovl.bmp_841ec8b1a2edc5a17f3d83430454b679,00547401
w01b_wb02.bmp,00a59b3c
w01b_wb02.bmp_d1c6883b0257f4335f1bfde989368dd9,00a59b3c
w01b_wb03.bmp,00a59b3d
w01b_wb03.bmp_6ef77a2ce547246938dd483099ada51f,00a59b3d
w01b_wb03a.bmp,00b36815
w01b_wb03a.bmp_3c286437256f3582b52a76fe837f09a0,00b36815
w01b_wc05a.bmp,00b3e855
w01b_wc05a.bmp_32b6e12524c43a5c80be4bd9de4b8c67,00b3e855
w01b_wc05b.bmp,00b3e856
w01b_wc05b.bmp_69fa6de618de0b1c18be1369993befec,00b3e856
w01b_wc07.bmp,00a59f41
w01b_wc07.bmp_eb74b0d81b677112ae586ef50dbd728b,00a59f41
w01b_win01a.bmp,00fbf117
w01b_win01a.bmp_4727781f2331c774bbc3e798225c8afe,00fbf117
w01c_loc01.bmp,000ab3c5
w01c_loc01.bmp_c506748fccdeb04c487950b0d8ecfb7a,000ab3c5
w01c_loc01.bmp_e599aedf97d5fe55c60b31c793b65afe,000ab3c5
w01e_com02_t.bmp,0071223f
w01e_com02_t.bmp_8ba0dcecf451a0857ea0e90f903b3946,0071223f
w01e_light01.bmp,002e2650
w01e_light01.bmp_1314826919c6ae7778c590304655586b,002e2650
w01e_rf01_bld80_ovl.bmp,000371b2
w01e_rf01_bld80_ovl.bmp_86291923fbc81da8d810fe8a4f98600d,000371b2
w01e_rf_obj01.bmp,002ce147
w01e_rf_obj01.bmp_8aa481574227a8f769b24d7af4556fb5,002ce147
w01e_sphere.bmp,0069e534
w01e_sphere.bmp_cc6fa07eed8c490b1e8a125854432898,0069e534
w01e_stair.bmp,007d33a6
w01e_stair.bmp_fecee9d1e92ec2eec97c4680a5992abb,007d33a6
w01f_bk03.bmp,009b3f45
w01f_bk03.bmp_49afa9388aa24ff6be4b0b957e0b5aad,009b3f45
w01f_bk05.bmp,009b3f47
w01f_bk05.bmp_ca0c3f0bd4dfae4fb234617d3375cdeb,009b3f47
w01f_bk05a.bmp,0067e954
w01f_bk05a.bmp_cb1da9da53d36138e7ae6da7da26b56d,0067e954
w01f_bk05b.bmp,0067e955
w01f_bk05b.bmp_7024cd196195b3300deab5a8a0b24b41,0067e955
w01f_bk06.bmp,009b3f48
w01f_bk06.bmp_864664f5ac3f77087c31b0de3ad9bbf3,009b3f48
w02_kabe_tekkotu3.bmp,00317392
w02_kabe_tekkotu3.bmp_d99b00a47b448471dcbc75799ab27516,00317392
w02_sr_door_parts0.bmp,0059e9fd
w02_sr_door_parts0.bmp_cb699f431ffc5acaf47f2e26b678eccd,0059e9fd
w02_sr_roof3.bmp,00fc3a7e
w02_sr_roof3.bmp_d344ae9df9a1fddfbccf5e3b51634b41,00fc3a7e
w03a_pp02.bmp,00a253ba
w03a_pp02.bmp_09b1a01b9996f568e8ca8e878bee4475,00a253ba
w03a_pp03.bmp,00a253bb
w03a_pp03.bmp_69a423e5b10450a2c155f5fad4368cdc,00a253bb
w03a_pp04.bmp,00a253bc
w03a_pp05.bmp,00a253bc
w03a_pp05.bmp,00a253bd
w03a_pp05.bmp_a2f294eb5d29f9fd9a0afbd30258b8d5,00a253bd
w03a_rf03.bmp,00a32bbb
w03a_rf03.bmp_b0fac8ff8ccee05ffbfdb91089d7d3fd,00a32bbb
w03a_w01c.bmp,00a4d40b
w03a_w01c.bmp_66800e791c274078bbd7078d4207524e,00a4d40b
w03a_w01d.bmp,00a4d40c
w03a_w01d.bmp_9d316246ca7cc692494bbcf73b78f12f,00a4d40c
w03b_dr00.bmp,009c5bba
w03b_dr00.bmp_055dfa2c29b900d1ca7a6c2116d1090c,009c5bba
w03b_dr02.bmp,009c5bbc
w03b_dr02.bmp_0927f14937b8bdb1753c5df0f485bfc7,009c5bbc
w03b_dr03.bmp,009c5bbd
w03b_dr03.bmp_ec8e39c4fd79a206717a537ad8d13895,009c5bbd
w03b_dr03b.bmp,008b7815
w03b_dr03b.bmp_691886d350b578958d69b962e07bff9f,008b7815
w03b_ent00a.bmp,0050f0d4
w03b_ent00a.bmp_3bb95d04231b78fb883f88815d68ba04,0050f0d4
w03b_fl01.bmp,009d43bb
w03b_fl01.bmp_e16e9559804e38da28f01f748b03ea31,009d43bb
w03b_fl02.bmp,009d43bc
w03b_fl02.bmp_ecc5dba2548560f42c6a73e07c3b1ae7,009d43bc
w03b_fl03.bmp,009d43bd
w03b_fl03.bmp_8e8030f332ab93b222ccbdff4920382f,009d43bd
w03c_flb02_mog.bmp,008bd643
w03c_flb02_mog.bmp_d6299b95aba8f3a3d51e728c6ae2e95f,008bd643
w03c_rfc00a_mog.bmp,000dc9d6
w03c_rfc00a_mog.bmp_23f594b4ce6d874272c3a003c35f7740,000dc9d6
w03c_w08a.bmp,00a4d4ed
w03c_w08a.bmp_7e18d47dca0374044ea4b1197174d741,00a4d4ed
w04_door_rail.bmp,0079af12
w04_door_rail.bmp_371fd9cefd56b54941481ce13fb85b40,0079af12
w04_door_rail.bmp_abbc819e2274c515d5ff5ea6146f1442,0079af12
w04a1_hari.bmp,00374b60
w04a1_hari.bmp_37c457efd78f19148b28fa7a8ffe9d64,00374b60
w04a3_tanmatu__com_face.bmp,003d8bdb
w04a3_tanmatu__com_face.bmp_f559d40a3a2ce08c31aa25e03e80ddb5,003d8bdb
w04a_light2_add_alp.bmp,00a71f4f
w04a_light2_add_alp.bmp_8e76bbab3eb06b4e8dde3339ae136c9e,00a71f4f
w04a_m_s_sub.bmp,0045ab4e
w04a_m_s_sub.bmp_1ee3355bf1135e6f5ae805ff59cb3d28,0045ab4e
w04a_mecha_ashi.bmp,004dfe59
w04a_mecha_ashi.bmp_a0d0335bdbfa6e0ae5adb911c284a59b,004dfe59
w04a_wall1.bmp,00b3f6c5
w04a_wall1.bmp_997ac5052f7dd9f9b681f59832af6d2f,00b3f6c5
w04a_wall2.bmp,00b3f6c6
w04a_wall2.bmp_b1240bc9f1703079bc1f6aab93991b1c,00b3f6c6
w10a_jimentex_a01_1.bmp,00dd3219
w10a_jimentex_a01_1.bmp_4caf5303b65514895abc691704f57d6a,00dd3219
w10a_jimentex_a01_2.bmp,00dd321a
w10a_jimentex_a01_2.bmp_d74c4f1f82447b983110fd7b4c4ea7ac,00dd321a
w10a_jimentex_a02_1.bmp,00dd3619
w10a_jimentex_a02_1.bmp_2b130b40b4db6f06f2d5e949a63c3269,00dd3619
w10a_jimentex_a02_2.bmp,00dd361a
w10a_jimentex_a02_2.bmp_8059d21b56812fd0dd644ff02377ec7d,00dd361a
w10a_jimentex_a03.bmp,0082374b
w10a_jimentex_a03.bmp_0430cafb7f4c74f9cc834e6f8a073f6f,0082374b
w10c_contena1_ft.bmp,00222835
w10c_contena1_ft.bmp_c34300206b81e7a615df5104bc35d149,00222835
w10c_contena1_s1.bmp,00222992
w10c_contena1_s1.bmp_7a70f75ed573ab572125d6b4c668d650,00222992
w10c_entfl00.bmp,00db049d
w10c_entfl00.bmp_41079b5b76f61fb1621b76f73c73ce8b,00db049d
w10c_entw00.bmp,006f14a3
w10c_entw00.bmp_6b398af0556d5020d5131657e1fd0489,006f14a3
w10c_entw00.bmp_ebada4c5fb0cf21b95c03d700bd34525,006f14a3
w10c_entw01.bmp,006f14a4
w10c_entw01.bmp_c35dffba325db101d2f51a75807ed0bf,006f14a4
w10c_fl00a.bmp,00a95ff4
w10c_fl00a.bmp_f090db2c7d27de5ceaf7849bea3f7689,00a95ff4
w10c_fl00b.bmp,00a95ff5
w10c_fl00b.bmp_4783af139eb8448160dc9fa885bd7451,00a95ff5
w10c_fl00c.bmp,00a95ff6
w10c_fl00c.bmp_79d5f05b0c8f02fa5ea3d8344309a532,00a95ff6
w10c_fl01.bmp,009d4afd
w10c_fl01.bmp_89b1600a0752b90e97de0d507585a5be,009d4afd
w10c_flu00a.bmp,004e78d6
w17a_flu00a.bmp,004e78d6
w10c_flu03.bmp,00aa73c6
w10c_flu03.bmp_8c53753f36afb3cef63e6a663757b660,00aa73c6
w10c_orange01.bmp,00df38c6
w10c_orange01.bmp_1dfa5c622d3aa78ffdf1144c094bc2ca,00df38c6
w10c_pp00.bmp,00a25afc
w10c_pp00.bmp_02dc037bcffa836a8857ebf50bcc67a7,00a25afc
w10c_pp01.bmp,00a25afd
w10c_pp01.bmp_ffdb967870ba68b15bb0414af2582240,00a25afd
w10c_pp01a.bmp,004b6015
w10c_pp01a.bmp_e4a3dfa02d7bcf8651ba00d53532af0f,004b6015
w10c_pp01b.bmp,004b6016
w10c_pp01b.bmp_c5d52ccddc5ce7db42c8a21cce305088,004b6016
w10c_pp01c.bmp,004b6017
w10c_pp01c.bmp_52796828041abfb836c627d63ae15a6a,004b6017
w10c_pp02.bmp,00a25afe
w10c_pp02.bmp_ba427e395294e497535d857d97b1fac0,00a25afe
w10c_pp04.bmp,00a25b00
w10c_pp04.bmp_6c02c0734669b3b2af844bfb2a6f8caf,00a25b00
w10c_pp04b.bmp,004b6076
w10c_pp04b.bmp_0a7ad793e15254b6c3ee6097dde8bb08,004b6076
w10c_sk00.bmp,00a3c6fc
w10c_sk00.bmp_080bd3d56c6e4437c207d0839cc27828,00a3c6fc
w10c_sk00a.bmp,0078dff5
w10c_sk00a.bmp_c23abf4bb26aa9b385f505c9436c87e3,0078dff5
w10c_sk00b.bmp,0078dff6
w10c_sk00b.bmp_d9e12dccb9bcc4cf71139977cbfbc3e7,0078dff6
w10c_sk00c.bmp,0078dff7
w10c_sk00c.bmp_4081fb1cac8896c709c768596117ba88,0078dff7
w10c_sk00d.bmp,0078dff8
w10c_sk00d.bmp_a9ee348f02fbca3d69c1ad8a9a23932a,0078dff8
w10c_sk00e.bmp,0078dff9
w10c_sk00e.bmp_0e3bb1fb297f402705e2cad23f68ddf6,0078dff9
w10c_sk01.bmp,00a3c6fd
w10c_sk01.bmp_b38fa6aa2149606ac364f449b0956d51,00a3c6fd
w10c_sk01a.bmp,0078e015
w10c_sk01a.bmp_bac7874a3dfb93ad53d87c13aee33f56,0078e015
w10c_sk01b.bmp,0078e016
w10c_sk01b.bmp_5dc6834c6bebd925dad973550e4c6fdf,0078e016
w10c_sk01c.bmp,0078e017
w10c_sk01c.bmp_a7e8bcc841939628dc2dda275f4d60e0,0078e017
w10c_sk02a.bmp,0078e035
w10c_sk02a.bmp_a6356259f914b001c00227d286892831,0078e035
w10c_sk02b.bmp,0078e036
w10c_sk02b.bmp_3cb057c6841498620fc2fd642a4a68a2,0078e036
w10c_sk02b.bmp_d7840351a2869c529b0d8da5f0388f53,0078e036
w10c_sk02c.bmp,0078e037
w10c_sk02c.bmp_318714409a819f892f38b32a06329358,0078e037
w10c_sk02e.bmp,0078e039
w10c_sk02e.bmp_707e0a153a38e1a6a63f997c7c49ed65,0078e039
w10c_sk02g.bmp,0078e03b
w10c_sk02g.bmp_869b34279f32a4947c596f76f23da015,0078e03b
w10c_sku01a2.bmp,00cf2239
w13a_sku01a.bmp,00cf2239
w10c_stp00a.bmp,00cbf8f0
w10c_stp00a.bmp_c0ec4d54104b1ab4bb95767e8a3796dc,00cbf8f0
w10c_w00c.bmp,00a4db2f
w10c_w00c.bmp_1a2ec7dfc72a4bdfc203becd5d5bccf6,00a4db2f
w10c_w00d.bmp,00a4db30
w10c_w00d.bmp_3d0e325f1e39673058d56127bab0cfb6,00a4db30
w10c_w02.bmp,006526d8
w10c_w02.bmp_13605e58b8041c1414b21d83f1116d96,006526d8
w10c_w02e2.bmp,009b6e66
w10c_w02e2.bmp_2fc55cdeade52f25b8b2e4640701d749,009b6e66
w10c_w05.bmp,006526db
w10c_w05.bmp_f52971b15bb32d7cfc69c8795a0bc9c8,006526db
w10c_w07a.bmp,00a4dc0d
w10c_w07a.bmp_694dc95c70c75792655874298651494c,00a4dc0d
w10c_w07a.bmp_88b745eef74042eb751bfda1f4dd5bce,00a4dc0d
w10c_w07b.bmp,00a4dc0e
w10c_w07b.bmp_3d9133089665304a355a56f804dd6e7c,00a4dc0e
w11_drum_f1.bmp,00dc1cbe
w11_drum_f1.bmp_63c3268ede2b2f23c6ced0e46ad1f664,00dc1cbe
w11a2_ceil1_brk_large.bmp,00192435
w11a2_ceil1_brk_large.bmp_69d9643b7d3f65c276f93bc279b885b9,00192435
w11a2_evt_hori_pillar1.bmp,001d6085
w11a2_evt_hori_pillar1.bmp_39d9cbb8866566787cb83ddee21fc3c3,001d6085
w11a2_evt_pillar1.bmp,00347102
w11a2_evt_pillar1.bmp_0af5a51ec448f3625a331b3bb3b73d45,00347102
w11a2_evt_wall1.bmp,00104ce9
w11a2_evt_wall1.bmp_7c30018640e5e80f052e10020e03f427,00104ce9
w11a2_evt_wall2.bmp,00104cea
w11a2_evt_wall2.bmp_4a2e9ba611648d577c8b96aada4557c8,00104cea
w12a_dr00f.bmp,008c6f79
w12a_dr00f.bmp_ecb38396699d945dfb73e6c5b297412c,008c6f79
w12a_entt00a.bmp,001f14cf
w12a_entt00a.bmp_37489446af888cb93a9d6a9503b4a4fd,001f14cf
w12a_entt00a.bmp_ca346efbae90799747741138197ee20c,001f14cf
w12a_entt00a.bmp_f57af875fbed4e9ed2ba41d22153184d,001f14cf
w12a_entt00b.bmp,001f14d0
w12a_entt00b.bmp_8abcc469f43a49285f30d6112600592d,001f14d0
w12a_evt_wall1_out.bmp,00af0e74
w12a_evt_wall1_out.bmp_1f8b4030938df09cebf276da21cacdfb,00af0e74
w12a_evt_wall1_out.bmp_8448eeb3a3933bc50e0f029227c21674,00af0e74
w12a_fl00a.bmp,00a96f74
w12a_fl00a.bmp_6eb45f8109da46bd5d561c2e46efbdff,00a96f74
w12a_ironbox_sf.bmp,00e87138
w12a_ironbox_sf.bmp_debb664cc3a392cbbde1f52d4bb316ed,00e87138
w12a_ironbox_t.bmp,00974387
w12a_ironbox_t.bmp_baf38295f7ed64f4c915f5892b2e4f20,00974387
w12a_obj00.bmp,00355744
w12a_obj00.bmp_b053d8e5f91baf0e501c8c0dd7b261a2,00355744
w12a_obj00a.bmp,00aae8e7
w12a_obj00a.bmp_69d619515d8c3536e9a8430385137c19,00aae8e7
w12a_rf00.bmp,00a33378
w12a_rf00.bmp_42efa99dfef7c6c96a9e5de07b3cc2ca,00a33378
w12a_rf00.bmp_e358545c7311bfe682e9fed94c33d271,00a33378
w12a_ste_wall1.bmp,00ea2247
w12a_ste_wall1.bmp_8466a3ac7f1b70a1ca784185fe222d89,00ea2247
w12a_ste_wall2.bmp,00ea2248
w12a_ste_wall2.bmp_7cdc755ca4902e424ba648159c2411f7,00ea2248
w12a_ste_wall2.bmp_f5704fcd37009e6cd6506806703e07d5,00ea2248
w12a_t_hako_d.bmp,00d18a2e
w12a_t_hako_d.bmp_cae8537cea01afc5b1137261a041103a,00d18a2e
w13a_t_hako_d.bmp,00d18a2e
w12a_tnk00.bmp,008b5b44
w12a_tnk00.bmp_0991b720aac3a10549080cf1ec782a8f,008b5b44
w12a_tnk00b.bmp,006b68f3
w12a_tnk00b.bmp_74d58b570a387cac30d4dc8fb6a16cfb,006b68f3
w12a_tnk00b1.bmp,006d1e9e
w12a_tnk00b1.bmp_c8b6e908bbc454f97a643bc8b8fbe728,006d1e9e
w12a_tnk00c.bmp,006b68f4
w12a_tnk00c.bmp_a10121563329a6e5bbfdbf530ea32a44,006b68f4
w12a_w00.bmp,004526da
w12a_w00.bmp_949b95b2797496024293a68a81bac10d,004526da
w12a_w00b.bmp,00a4dbaa
w12a_w00b.bmp_c0358133197c8e912a1d42899b710fbd,00a4dbaa
w12a_w01.bmp,004526db
w12a_w01.bmp_7c623deaa06d2971dcd48b3fa781e647,004526db
w12a_w01a.bmp,00a4dbc9
w12a_w01a.bmp_eea87ece9d21e9b6d3504a201630d149,00a4dbc9
w12a_w01a4.bmp,009b7968
w12a_w01a4.bmp_a6382b66dc1a0cb0c307c5f7a46b7682,009b7968
w12a_w03.bmp,004526dd
w12a_w03.bmp_3e1e7de72d911531c9c2075cf19b2794,004526dd
w12a_w03.bmp_661e3b0b04936b908f29261f775d72d9,004526dd
w12a_w03.bmp,009b816c
w12a_w03.bmp_3e1e7de72d911531c9c2075cf19b2794,009b816c
w12a_w03a.bmp,00a4dc09
w12a_w03a.bmp_8157a03cb9be3978ab56df2e7d8b16d8,00a4dc09
w12a_w03b.bmp,00a4dc0a
w13a_w01B.bmp,00a4dc0a
w12a_w03c.bmp,00a4dc0b
w12a_w03c.bmp_f0862c54bb8db466f3e4df399d74d01b,00a4dc0b
w12b0_roof_03.bmp,009f20ec
w12b0_roof_03.bmp_5f88949592e3b5908837c0a14e1202c8,009f20ec
w12b_partition.bmp,00100252
w12b_partition.bmp_1aa6999f6bcfabbf46bedf0c7fe02dbc,00100252
w13a14b_sdw00_alp_ovl.bmp,00021a70
w13a14b_sdw00_alp_ovl.bmp_92008db54d9f3ebef3baaafa5c7a69d9,00021a70
w13a_fl00.bmp,009d4bb8
w13a_fl00.bmp_8bb405078f955b69a05bdc9570cbde30,009d4bb8
w13a_fl01b.bmp,00a97795
w13a_fl01b.bmp_2c59b9f24e8ad8f9391c97a70053fb36,00a97795
w13a_fl04a.bmp,00a977f4
w13a_fl04a.bmp_a813b6399aa0462f40543da64fc74c3e,00a977f4
w13a_h00c.bmp,009d5beb
w13a_h00c.bmp_1df3fec240b53d51cd5ac5b26650b90f,009d5beb
w13a_pp03b.bmp,004b77d6
w13a_pp03b.bmp_2ce58d78ff7e847c823c1e82b870a3bf,004b77d6
w13a_sk02b.bmp,0078f7b6
w13a_sk02b.bmp_889260d6a11666ae1a246d6f149eef4c,0078f7b6
w14a0_fl_a01.bmp,00d3df0e
w14a0_fl_a01.bmp_c0cb8e8ae5c1f0d19669859ffcfe34a6,00d3df0e
w14a0_fl_b01.bmp,00d3e30e
w14a0_fl_b01.bmp_98e0a40375c857cb61f1742930181da3,00d3e30e
w14a0_fl_r01_6.bmp,008c4766
w14a0_fl_r01_6.bmp_03efc95e9e21099c6c14c614a41576df,008c4766
w14a0_fl_r02.bmp,00d4230f
w14a0_fl_r02.bmp_751aa71d7cb1f98626e3ed6f1a7d1278,00d4230f
w14a0_gate_p01.bmp,00d4c2ea
w14a0_gate_p01.bmp_e8d3842cc42ddc769fa3bd25c32587c0,00d4c2ea
w14a0_gate_p02.bmp,00d4c2eb
w14a0_gate_p02.bmp_1b65861b8ffd0b026918a226523b8276,00d4c2eb
w14a0_gate_p03.bmp,00d4c2ec
w14a0_gate_p03.bmp_903ef6c6020bd7ef8667c33bbe0109e6,00d4c2ec
w14a0_pipe_p01.bmp,00d50ce2
w14a0_pipe_p01.bmp_c5bd3f38c66308e204abdbee4d941749,00d50ce2
w14a0_tinori_p01_4_alp_ovl.bmp,00b85d04
w14a0_tinori_p01_4_alp_ovl.bmp_5058ff9f5362ead02ffc0767e2b01fe0,00b85d04
w14a0_tinori_p02_1_alp_ovl.bmp,00b55d08
w14a0_tinori_p02_1_alp_ovl.bmp_612d7897aaced51d96937d3a12e25e51,00b55d08
w14a0_tinori_p03_2_alp_ovl.bmp,00b65d0c
w14a0_tinori_p03_2_alp_ovl.bmp_050c64313613dc2dfc182a2cb2478764,00b65d0c
w14a0_tinori_p04_1_alp_ovl.bmp,00b55d10
w14a0_tinori_p04_1_alp_ovl.bmp_87e28fcd39d5388885f9d8cdf4ef8c03,00b55d10
w14a0_tinori_p07_1_alp_ovl.bmp,00b55d1c
w14a0_tinori_p07_1_alp_ovl.bmp_48c9b691d85f68a386b68db491c46efb,00b55d1c
w14a0_tinori_p08_1_alp_ovl.bmp,00b55d20
w14a0_tinori_p08_1_alp_ovl.bmp_d7b19f3c14595675a6cfd829b858f98a,00b55d20
w14a0_wall_a01.bmp,004506db
w14a0_wall_a01.bmp_2a1aaeda4e5d566ac5dbe4f72f26691e,004506db
w14a0_wall_a02.bmp,004506dc
w14a0_wall_a02.bmp_008f67bac10c096740575ea8304493bf,004506dc
w14a0_wall_a03.bmp,004506dd
w14a0_wall_a03.bmp_3a889ebf1286cfba7d631156515c54c3,004506dd
w14a_dankon3_alp_ovl.bmp,003b57e3
w14a_dankon3_alp_ovl.bmp_3cb748abd9b531fb5fa670969c20573b,003b57e3
w14a_h_souti_d02.bmp,00c5f151
w14a_h_souti_d02.bmp_441ee1869f8ed3ff659478972d378b67,00c5f151
w14a_h_souti_d03.bmp,00c5f152
w14a_h_souti_d03.bmp_ee175628c36a0c01b06d64f7671bbe27,00c5f152
w15a_fl01b.bmp,00a98795
w15a_fl01b.bmp_2afc1ae6ae83df2b26b76fc7749613da,00a98795
w16a1_obj04.bmp,007bc51b
w16a1_obj04.bmp_edab50118c8057e28ddc820e0a0c0bff,007bc51b
w16a1_rf02.bmp,00cadd69
w24a0_rf03b.bmp,00cadd69
w16a1_rf_pi1.bmp,00b42a46
w16a1_rf_pi1.bmp_225c0bc9af0c89508642a768cdda4d49,00b42a46
w16a1_to05b.bmp,00d15de9
w16a1_to05b.bmp_77ce5abdbb4b1e79030f9e43ad193bcc,00d15de9
w16a1_wa_sh01_alp_ovl.bmp,0051e611
w16a4_wa_sh01_alp_ovl.bmp,0051e611
w16a_pane1.bmp,00450de5
w16a_pane1.bmp_83018cf49f71e8baff56fb3380bc8b10,00450de5
w16a_pi_moto.bmp,004c9c12
w16a_pi_moto.bmp_6665059fc73afe360bee1819d99aab1c,004c9c12
w16a_pi_moto2.bmp,0093827b
w16a_pi_moto2.bmp_fb0f2f4392f335eb9db4e7ef0570986b,0093827b
w16a_wa02a.bmp,00b40fb5
w16a_wa02a.bmp_e21eeaf4b48b9d8b440e73bb57208047,00b40fb5
w16a_wa_lig_add_alp_ovl.bmp,001a6702
w16a_wa_lig_add_alp_ovl.bmp_297541e965d21d318a85ed311831275d,001a6702
w16an_wa01.bmp,003fd362
w16an_wa01.bmp_93be13c0c886d6d3da315313758be3d2,003fd362
w17a_w04.bmp,004526e8
w17a_w04.bmp_669e9c728d4dee95e3d9cf96fba7aa54,004526e8
w18a_tsr_bar1.bmp,00acd987
w18a_tsr_bar1.bmp_1c58084ea3dd78ff8ba4a3fac8949888,00acd987
w18a_tsr_bar1.bmp_ac7a53edf3f5e3a63de0dcb94389fe91,00acd987
w19a_ashi00.bmp,00c1cc9b
w19a_ashi00.bmp_78891c5534e2962f7e4d81f15e1ca0f2,00c1cc9b
w19a_ashi00a.bmp,003993d9
w19a_ashi00a.bmp_b527a05f24075709f701083f02178c3f,003993d9
w19a_ashi00a.bmp_c30b3b257a4979c9b0bc24c94d7611af,003993d9
w19a_ashi00b.bmp,003993da
w19a_ashi00b.bmp_ae106fe0cdc92bfdfabdcdd518757e75,003993da
w19a_fl00.bmp,009d4d38
w19a_fl00.bmp_be3ebe34afe818a28bf65622f3f14b79,009d4d38
w19a_fl00a.bmp,00a9a774
w19a_fl00a.bmp_c26bf4dda2e1dfdd33908da1144af72f,00a9a774
w19a_label03_alp_ovl.bmp,007b34d1
w19a_label03_alp_ovl.bmp_86c2e55e209e1582b666f04c51b49ae6,007b34d1
w19a_label04_alp_ovl.bmp,007c34d1
w19a_label04_alp_ovl.bmp_bc0ef61b4780d4224d9b65ab984b9560,007c34d1
w19a_obj01.bmp,00358f45
w19a_obj01.bmp_803be0492cb9b92816c044d0006cd629,00358f45
w20a0_fl01.bmp,00384ee6
w20a0_fl01.bmp_a1d28beca5974966645bd6981435acab,00384ee6
w20a_bel01a.bmp,00f9e8ed
w20a_bel01a.bmp_000bc302bc454965f84d03965bb53e8c,00f9e8ed
w20a_bel01b2.bmp,003d1e11
w20a_bel01b2.bmp_3e13885a31d01923a72db72c58d9895b,003d1e11
w20a_bel01b3.bmp,003d1e12
w20a_bel01b3.bmp_db42b9ae8dd1b8c28ef5f65bfc14d1db,003d1e12
w20a_bel15.bmp,0067cf68
w20a_bel15.bmp_8dcfae0f9ad10ce859569644c6be9331,0067cf68
w20a_room_wall2.bmp,007c03e0
w20a_room_wall2.bmp_53d0c83f1c8bee0041f95d4d07b035ef,007c03e0
w20a_room_wall3.bmp,007c03e1
w20a_room_wall3.bmp_59886dd37d992d80a7ff34c7c37ea3df,007c03e1
w20b_box01_side.bmp,00052ff4
w20b_box01_side.bmp_f8732fabb523ceffdf69066118e138e7,00052ff4
w20b_crn_body_s1.bmp,001570d5
w20b_crn_body_s1.bmp_21130d25875f95398854ab1957bfc71a,001570d5
w20b_crn_body_s1.bmp_3e664364c9bad4fada2b0db0e215fb2f,001570d5
w20b_crn_body_s2.bmp,001570d6
w20b_crn_body_s2.bmp_cbfb7453571f6fe5d199c1c3a578d500,001570d6
w20b_crn_wiresend_s1.bmp,00a246d9
w20b_crn_wiresend_s1.bmp_092f9cad0928c953bf7da44ce34b25f9,00a246d9
w20b_hri_floor1.bmp,0095ddab
w20b_hri_floor1.bmp_44f5bf777c80164058c594bf93cd79e7,0095ddab
w20b_hri_floor2.bmp,0095ddac
w20b_hri_floor2.bmp_69dcf7aabbdfc0daa941193c869c96e2,0095ddac
w20b_wall1.bmp,00b5d705
w20b_wall1.bmp_824fa85f78ac79be4297fd56e9f2bfcf,00b5d705
w21a_fl01a.bmp,00aa6794
w21a_fl01a.bmp_d7bf84b33185e358d469fb5fdd7394dd,00aa6794
w21a_fl01b.bmp,00aa6795
w21a_fl01b.bmp_8a0ba5bbfec24619c8c4b8a057eaae19,00aa6795
w21a_fl04c.bmp,00aa67f6
w21a_fl04c.bmp_b26ade3306a039da56aa2160f5ae77bc,00aa67f6
w21a_fl04f.bmp,00aa67f9
w21a_fl04f.bmp_ca77c8d087116dafc2a85d3665160340,00aa67f9
w21a_h09d.bmp,009d648c
w21a_h09d.bmp_fdd5b5adc3102646395f448c3354acc6,009d648c
w21a_tnk00f.bmp,008a68f7
w21a_tnk00f.bmp_a591158e83cb91447d5587c530ad54ef,008a68f7
w22a0_duct1_t.bmp,00c56c18
w22a0_duct1_t.bmp_5ab6da2d61fb74ca7c5cfe248d3aeafb,00c56c18
w22a_box_04.bmp,00a2a4a1
w22a_box_04.bmp_ac63fab03316b47e700d68e849b25b2c,00a2a4a1
w23a_fl03a.bmp,00aa77d4
w23a_fl03a.bmp_990cee0d5306eabf341c1ccfa7b36c7f,00aa77d4
w24a0_enta00.bmp,00fe5f0f
w24a0_enta00.bmp_c595f623a959d47e5f1fc5881ed38c9a,00fe5f0f
w24a0_enta01.bmp,00fe5f10
w24a0_enta01.bmp_c6406c606793a7a463df24e396cad611,00fe5f10
w24a0_enta02.bmp,00fe5f11
w24a0_enta02.bmp_731b96223e0f5953af8e6e6e79427b80,00fe5f11
w24a0_enta02a.bmp,00cbe2a0
w24a0_enta02a.bmp_e340ed6e359d95894aef072b51d63f3e,00cbe2a0
w24a0_enta03.bmp,00fe5f12
w24a0_enta03.bmp_b8ff12e2c5d03f946563495642246280,00fe5f12
w24a0_entb00.bmp,00fe630f
w24a0_entb00.bmp_6c8a5532d241d23a8784f331456f0989,00fe630f
w24a0_entb00.bmp_f59874874cc072a68689fc47c4eed1dd,00fe630f
w24a0_entb01.bmp,00fe6310
w24a0_entb01.bmp_4f8c0ddce03058d3920a8b689430f130,00fe6310
w24a0_entb01.bmp_d3c2e55b5e1ca8a8ad9cd9d011e1b669,00fe6310
w24a0_entb01a.bmp,00cc6280
w24a0_entb01a.bmp_e21d1ec58434d89777f9429ad05121c3,00cc6280
w24a0_entb03.bmp,00fe6312
w24a0_entb03.bmp_8634c524d9f53f461a8889d68158e764,00fe6312
w24a0_litbase00.bmp,00c1f164
w24a0_litbase00.bmp_13432dcbcd04b4edc36a0fd04233ee3e,00c1f164
w24a0_litbase00a.bmp,003e2cf9
w24a0_litbase00a.bmp_6af71df6ae1e7fa9ce7c11006fa9de93,003e2cf9
w24a0_rf02.bmp,003e56e7
w24a0_rf02.bmp_1217339189c8d3c6db4fabcbbde38400,003e56e7
w24a0_rf02a.bmp,00cadd48
w24a0_rf02a.bmp_e27cc443f762aa7b7e6105159ed274f2,00cadd48
w24a0_rf03.bmp,003e56e8
w24a0_rf03.bmp_21060cede3b67797d32605a4146b293a,003e56e8
w24a0_rf03a.bmp,00cadd68
w24a0_rf03a.bmp_2cb05819c6436b15362435b431892cc4,00cadd68
w24a0_rf04.bmp,003e56e9
w24a0_rf04.bmp_6c5dbbec6e875c24bc9ddf30b006085f,003e56e9
w24a0_rflit06b_alp_add_ovl.bmp,00354f37
w24a0_rflit06b_alp_add_ovl.bmp_b764ea0962ad1ceabb3574d4f2722858,00354f37
w24a0_rflit06f_alp_add_ovl.bmp,00358f37
w24a0_rflit06f_alp_add_ovl.bmp_4aa45f39aadbc1a3f3c8d0f76ae488f2,00358f37
w24a0_wd00.bmp,0040cee5
w24a0_wd00.bmp_94d50342014c79c5d55c461f9c88bb3f,0040cee5
w24a0_wlit00_alp_add_ovl.bmp,0017cadf
w24a0_wlit00_alp_add_ovl.bmp_35387b1938172caa52bc5e2b88d0929a,0017cadf
w24a0_wlit00_alp_add_ovl.bmp_adffa762b496e262c2579456137bfc5e,0017cadf
w24a0_wlit01a.bmp,002566fc
w24a0_wlit01a.bmp_33e5140197b5a69816cb0dc781e3c2fd,002566fc
w24a0_wlit03.bmp,00d92b36
w24a0_wlit03.bmp_9e58018c2f35bc0413344d9da405d5a9,00d92b36
w24a0_wlit03.bmp_f87fc2792f36b022785b64b591d68fac,00d92b36
w24b0_box01d.bmp,00109b5e
w24b0_box01d.bmp_4b06b86efcc4a2e842a9cadf27304e4a,00109b5e
w24b0_wa00.bmp,0040c325
w24b0_wa00.bmp_b6d0408a55dff40e868a46afb34da39a,0040c325
w24b0_wb00.bmp,0040c725
w24b0_wb00.bmp_de935018c23004588c424b1263ed8055,0040c725
w24b0_wb00a.bmp,0018e509
w24b0_wb00a.bmp_48fafd4bd849d2c1cfa6fe8337d0b893,0018e509
w24b1_d_box_back.bmp,00f2fb4e
w24b1_d_box_back.bmp_d241d1c2463a83c4c664869cea5bd20d,00f2fb4e
w24b1_d_box_side.bmp,00fb9b68
w24b1_d_box_side.bmp_0f5f8a304cfe336c8331178eb68b9c21,00fb9b68
w24b1_d_box_top.bmp,001fe1a4
w24b1_d_box_top.bmp_87ed63faae7a382e2c6abd83a6c68958,001fe1a4
w24c0_gate_head.bmp,009738be
w24c0_gate_head.bmp_4cce7bb0e02990b6b0413ee36563c4e8,009738be
w24d2_wa3_h1.bmp,0010ee34
w24d2_wa3_h1.bmp_deabbdfb6d97793d88d289f81ed4e2fe,0010ee34
w25a_boxa00.bmp,00a5ac9d
w25a_boxa00.bmp_8ce6e41e7d7a9a61589017c0f07126c1,00a5ac9d
w25a_boxa00a.bmp,00b59415
w25a_boxa00a.bmp_801f50357390c92a4e3b6a0c25d702db,00b59415
w25a_boxa00b.bmp,00b59416
w25a_boxa00b.bmp_b3eabacc9430bf9f15243baeaf495237,00b59416
w25a_boxa00e.bmp,00b59419
w25a_boxa00e.bmp_042c45561894fda173628536c62ddc60,00b59419
w25a_boxa00g.bmp,00b5941b
w25a_boxa00g.bmp_31192c03b781c952812e0ffba4b8ca6f,00b5941b
w25a_boxa00h.bmp,00b5941c
w25a_boxa00h.bmp_b2256c97a47614be977da347025c4820,00b5941c
w25a_fl03.bmp,009d543b
w25a_fl03.bmp_75e60d9af9955098e2f91b2c0e6a333e,009d543b
w25a_fl05.bmp,009d543d
w25a_fl05.bmp_00417061fb5f0335ea8f92e337ddf570,009d543d
w25a_fl05.bmp_3f55a64e1945c4e1552dc13122372464,009d543d
w25a_fl05a.bmp,00aa8814
w25a_fl05a.bmp_925f2cde476cf8678f0d8c88b6d293c6,00aa8814
w25a_fl05a.bmp_eab6a76640eebadec634613e41b4f430,00aa8814
w25a_h00.bmp,0044eb20
w25a_h00.bmp_c0f8a236f0a27f1b708076773161c3d1,0044eb20
w25a_h00a.bmp,009d6469
w25a_h00a.bmp_2cbf76f08e3e3d4bddf0df462d6421be,009d6469
w25a_h01.bmp,0044eb21
w25a_h01.bmp_1825308213b0695ef4f9c007071f57cc,0044eb21
w25a_h01a.bmp,009d6489
w25a_h01a.bmp_d5cb30bf995c92249ce183c2f2fd9317,009d6489
w25a_h04g.bmp,009d64ef
w25a_h04g.bmp_e610f805b7c85e1563ac418c781ab2d3,009d64ef
w25a_pnl00.bmp,004c7744
w25a_pnl00.bmp_4b5ac4f6d4d53aef83b0a673dea79b2c,004c7744
w25a_stp00.bmp,007f8744
w25a_stp00.bmp_9b7ef98654b9f3c92a0a63e9c94a8d80,007f8744
w25a_stp00b2.bmp,001d1e70
w25a_stp00b2.bmp_2eb0c6f288a84374cd72052fe2a73cc3,001d1e70
w25a_stp00c.bmp,00f0e8f2
w25a_stp00c.bmp_d9e92f3079c1ce13c0a84e6b1f71376e,00f0e8f2
w25a_stp00d.bmp,00f0e8f3
w25a_stp00e.bmp,00f0e8f3
w25a_stp01c.bmp,00f0e912
w25a_stp01c.bmp_5570a03e8221c1e8fa1e8a06c0addd4b,00f0e912
w25a_tank00.bmp,00c0d4c0
w25a_tank00.bmp_02f63b5a59c034ba8e0910cba420742e,00c0d4c0
w25a_tank00.bmp_607cd5e0bf0f5b379a6262cd93f54ffa,00c0d4c0
w25a_tank00a.bmp,001a9879
w25a_tank00a.bmp_9f6a9a41fbec5a6454931e96bfcdd611,001a9879
w25a_w04.bmp,00452724
w25a_w04.bmp_44fc80d0635c1b8d223374d88ba66d14,00452724
w25b_fl00b2.bmp,0050f6e7
w25b_fl00b2.bmp_fcb7dcb9b5fdc90a03489831e395397a,0050f6e7
w25b_fl00c.bmp,00aa87b6
w25b_fl00c.bmp_a391cd7ef4ea34e2ccc9c81cbd889d13,00aa87b6
w25b_fl05b.bmp,00aa8855
w25b_fl05b.bmp_be88409f1d23d48db98f006091c654d1,00aa8855
w25c_dkt00.bmp,008b17c3
w25c_dkt00.bmp_6be787577bdfda8d6294775ee321c709,008b17c3
w25c_fl05a.bmp,00aa8894
w25c_fl05a.bmp_5d5c005378747543fddf1e2a161ecf6f,00aa8894
w25c_lad00.bmp,0005d7c4
w25c_lad00.bmp_45018fa4106ad0a5aac8e761bfdf25e7,0005d7c4
w25c_obj02a.bmp,00cdf927
w25c_obj02a.bmp_f240484bfbfecc0419a6d812bf791443,00cdf927
w25c_obj02c.bmp,00cdf929
w25c_obj02c.bmp_b96dbcc609e9d9dbfa5c6ff11b94fa7d,00cdf929
w25c_obj02f.bmp,00cdf92c
w25c_obj02f.bmp_d34d6a1244e311a141a95cea6e63115a,00cdf92c
w25c_w00f2.bmp,009c8e86
w25c_w00f2.bmp_def331845b33cf0d004b8819ab1b47ad,009c8e86
w25c_w00f3.bmp,009c8e87
w25c_w00f3.bmp_80bb089f15a6b67db42cdc5ba9154cce,009c8e87
w25c_w06b2.bmp,009ca606
w25c_w06b2.bmp_e32e56967b81d8e10f197bc69b626128,009ca606
w25c_w06b3.bmp,009ca607
w25c_w06b3.bmp_ccfce4ea287dbf204c2ead5e6bbda70c,009ca607
w28a_ana_light_ovl.bmp,00d40a2c
w28a_ana_light_ovl.bmp_319990146e9454629dd42bd6c5769ccd,00d40a2c
w31a_isu_01.bmp,000024ad
w31a_isu_01.bmp_4e2a30fd29be90514be29e3670d427a8,000024ad
w31a_pipe_05.bmp,00b85360
w31a_pipe_05.bmp_dda00f5e2b5bd6fb22e1834c5768afda,00b85360
w31b_ref_water_alp_ovl_01.bmp,009bd2d3
w31b_ref_water_alp_ovl_01.bmp_7b39660909c4df45b9f1df4aea837cc0,009bd2d3
w31c_box_05.bmp,00c1b4a2
w31c_box_05.bmp_75f9b347c711a7015f7a87a4b10f082a,00c1b4a2
w32a_board.bmp,006dbbb7
w32a_board.bmp_185026771e1a979ddad28900dd050ae8,006dbbb7
w32a_board.bmp_a812433076f14ddaec0d91ebf23ac081,006dbbb7
w32a_pp01.bmp,00a26b79
w32a_pp01.bmp_d7ceacf51f1331aff2e8dd91e71ee182,00a26b79
w32a_pp02.bmp,00a26b7a
w32a_pp02.bmp_1740c8007a612689abb7c8a3139f35d1,00a26b7a
w32a_pp02a.bmp,004d6fb5
w32a_pp02a.bmp_f04b2f338b30c64c7690c44f5e5cbc4f,004d6fb5
w32a_pp03a.bmp,004d6fd5
w32a_pp03a.bmp_948505e760d2eb64915a2546228b8649,004d6fd5
w32a_pp04.bmp,00a26b7c
w32a_pp04.bmp_9c8c7896da217b36139c243efc239b2c,00a26b7c
w32a_tnk00c.bmp,00ab68f4
w32a_tnk00c.bmp_7c49b79a58292e5ae83f9aca9ef4fc8e,00ab68f4
w41a_dr3.bmp,0044e3db
w41a_dr3.bmp_c99856baa4ad36869aaa67f24fc9fa63,0044e3db
w42a_1f_box_01.bmp,0033254d
w42a_1f_box_01.bmp_7be7c191af3966ebc5cbc6b019aac0b5,0033254d
w42a_1f_box_01_top.bmp,000490a5
w42a_1f_box_01_top.bmp_80244e81becddb60d74eb9908adbdbd3,000490a5
w42a_1f_box_02.bmp,0033254e
w42a_1f_box_02.bmp_ea01285d1c0420d0073a874bfd7c672a,0033254e
w42a_1f_box_02_top.bmp,001490a5
w42a_1f_box_02_top.bmp_18cd231b9efcfec13809b571c8b123b2,001490a5
w42a_1f_box_02_top.bmp_8b76633a1ece64bc74742436f25deca2,001490a5
w42a_1f_ent_02.bmp,00212554
w42a_1f_ent_02.bmp_f4e1f3852e12744a5c13c4b6cfb69ed6,00212554
w42a_1f_floor_01.bmp,00b7122c
w42a_1f_floor_01.bmp_2afa956ad413dac8bb2fa84d7b758e35,00b7122c
w42a_1f_floor_02.bmp,00b7122d
w42a_1f_floor_02.bmp_89eb9b343bce5d18dab3dda1358a4ece,00b7122d
w42a_1f_floor_03.bmp,00b7122e
w42a_1f_floor_03.bmp_84c0cda588dd445e62833d94eba75605,00b7122e
w42a_1f_floor_04.bmp,00b7122f
w42a_1f_floor_04.bmp_2ca5c7e501d1046c2216528f4769b1c7,00b7122f
w42a_1f_floor_05.bmp,00b71230
w42a_1f_floor_05.bmp_057d22b9bf0f3037c830569ed5d00172,00b71230
w42a_1f_floor_06.bmp,00b71231
w42a_1f_floor_06.bmp_d363c13de0c08865e06b4307c8b4508f,00b71231
w42a_1f_floor_edge_01.bmp,00123437
w42a_1f_floor_edge_01.bmp_0d1bec44ec6c9f1a8084b485e3f85e5f,00123437
w42a_1f_floor_edge_01.bmp_1ba760bfd8ccc21413cbcd04be0a7895,00123437
w42a_1f_floor_edge_02.bmp,00123438
w42a_1f_floor_edge_02.bmp_0235f952c0be9ec4164c8e3861a05659,00123438
w42a_1f_floor_edge_02.bmp_6d921c2bf57dffda36e4a2e6d49009a4,00123438
w42a_1f_floor_edge_02.bmp_7b367ef67e703150f178057d62272f09,00123438
w42a_1f_hung_01.bmp,00c96742
w42a_1f_hung_01.bmp_e7fc1296848efa2bf3e696967c3f52ad,00c96742
w42a_1f_hung_01.bmp_f4df72867a9cac8674ed4f6379d631a9,00c96742
w42a_1f_hung_02.bmp,00c96743
w42a_1f_hung_02.bmp_00991e04e649c54fe1ad8aaa8bf68c21,00c96743
w42a_1f_hung_02.bmp_23d410e591dd6ab6c16659ca7ff46c6d,00c96743
w42a_1f_hung_03.bmp,00c96744
w42a_1f_hung_03.bmp_978a4cd3cd421ab7a661e62d6f632231,00c96744
w42a_2f_hanger_01.bmp,001e29d7
w42a_2f_hanger_01.bmp_93c338d289b2b6bf19a677e84199a633,001e29d7
w42a_2f_side_03.bmp,004869ec
w42a_2f_side_03.bmp_ca04ad5aae55f71e92284c57347f8f2a,004869ec
w42a_bridge_side_01.bmp,002a2309
w42a_bridge_side_01.bmp_489fc0f70f9ed7725e5293ec1ab58638,002a2309
w42a_data_light_01_alp_add_ovl.bmp,00b94264
w42a_data_light_01_alp_add_ovl.bmp_7246e3bdca03aae1d4a9093e82663db5,00b94264
w42a_step_boad.bmp,006add3b
w42a_step_boad.bmp_25044582556c044ca05a363868fa2c5f,006add3b
w42a_wall.bmp,00a5bf34
w42a_wall.bmp_715d2dc4b13cf81ad688e609f8e21662,00a5bf34
w42a_wall_02.bmp,009bd511
w42a_wall_02.bmp_94606557e06604a813a64e4e47c9ecb8,009bd511
w43a_door_fukuro_side_01.bmp,009d5e19
w43a_door_fukuro_side_01.bmp_cf0a2af0a612e6ca3cc291b69ed66326,009d5e19
w43a_door_fukuro_under.bmp,001ca769
w43a_door_fukuro_under.bmp_b3d504d792a8fd9e700d5077d5ebaa31,001ca769
w60a_jimen_map_01_1.bmp,00a90c7b
w60a_jimen_map_01_1.bmp_0134fd0c954661c491364c88c507003b,00a90c7b
w60a_jimen_map_01_2.bmp,00a90c7c
w60a_jimen_map_01_2.bmp_3085b392c1811c615ec352c1b0151eed,00a90c7c
w61a_roof_dust1_alp_ovl.bmp,0052ba7a
w61a_roof_dust1_alp_ovl.bmp_7298a4bf5a9d04d2bdecafd266d9684d,0052ba7a
w62a_tree_02_alp.bmp,00e39737
w62a_tree_02_alp.bmp_87637e31e6c9f72dc7a1e4be4db17ed5,00e39737
w62a_wbill1.bmp,004b6048
w62a_wbill1.bmp_64a95f9bab1670de0b9739d1a5b4928d,004b6048
wa_pi.bmp,00a20a70
wa_pi.bmp_af4501cb13924655ba428618857dbba3,00a20a70
wa_pi_ha.bmp,0039da66
wa_pi_ha.bmp_5e20e0def73b704a6c810a1628e6bf1d,0039da66
window00_alp.bmp,0058e545
window00_alp.bmp_b6b4e5482f0d2c79212fb315ca632a72,0058e545
window01_alp.bmp,0068e545
window01_alp.bmp_7bbfecbc9a722557df5da7eed5410eb4,0068e545
wine_liq_5half.bmp,00c9bf88
wine_liq_5half.bmp_470e6303001bbe540b7339c693e43115,00c9bf88
ws24a_sdw01_alp_ovl.bmp,005553e8
ws24a_sdw01_alp_ovl.bmp_f9a3a73170b9e97fca22ad7498c16d4a,005553e8
ws33a_shw01_alp_ovl.bmp,005556e0
ws33a_shw01_alp_ovl.bmp_91e891ba70a945d350a83d50393ccd5d,005556e0
ws33a_shw02_alp_ovl.bmp,005656e0
ws33a_shw02_alp_ovl.bmp_d6dfbf599e5c8376dcedcf427dfd67a1,005656e0
ws33a_shw03_alp_ovl.bmp,005756e0
ws33a_shw03_alp_ovl.bmp_14ce115100999d0b16ddad95d1e21090,005756e0
ws33a_shw04_alp_ovl.bmp,005856e0
ws33a_shw04_alp_ovl.bmp_516330636cc6edc108e936cd3648cbb2,005856e0
ws33a_shw05_alp_ovl.bmp,005956e0
ws33a_shw05_alp_ovl.bmp_e04e58b4af6f02c99878419fa8e70e20,005956e0
ws33a_shw06_alp_ovl.bmp,005a56e0
ws33a_shw06_alp_ovl.bmp_97e61e5e685e6cff9bfa3bb3c472a1ea,005a56e0
ws41a_shw00_alp_ovl.bmp,005457d0
ws41a_shw00_alp_ovl.bmp_21d58decce3d62942420dd942a3815c3,005457d0
ws41a_shw01_alp_ovl.bmp,005557d0
ws41a_shw01_alp_ovl.bmp_ff2dd6eaa06d194dd339f50aa6fbbf6f,005557d0
