filename,full_path
000a8fc0,d - substance\vs01a\000a8fc0.png
00427069,d - substance\vs01a\00427069.png
00efa150,d - substance\vs01a\00efa150.png
002515dc,d - substance\vs01a\002515dc.png
00dcd5c6,d - substance\vs01a\00dcd5c6.png
0037502a,d - substance\vs01a\0037502a.png
0000f06e,d - substance\vs01a\0000f06e.png
00085d1e,d - substance\vs01a\00085d1e.png
00585d21,d - substance\vs01a\00585d21.png
00d85d25,d - substance\vs01a\00d85d25.png
004e6292,d - substance\vs01a\004e6292.png
0088c589,d - substance\vs01a\0088c589.png
lockon_tag1_add_alp.bmp,d - substance\vs01a\lockon_tag1_add_alp.bmp.png
0069e496,d - substance\vs01a\0069e496.png
003997fd,d - substance\vs01a\003997fd.png
0088b898,d - substance\vs01a\0088b898.png
00985407,d - substance\vs01a\00985407.png
00022016,d - substance\vs01a\00022016.png
00232016,d - substance\vs01a\00232016.png
001f2016,d - substance\vs01a\001f2016.png
00242016,d - substance\vs01a\00242016.png
00072016,d - substance\vs01a\00072016.png
00012016,d - substance\vs01a\00012016.png
00052016,d - substance\vs01a\00052016.png
00262016,d - substance\vs01a\00262016.png
00062016,d - substance\vs01a\00062016.png
00202016,d - substance\vs01a\00202016.png
exit_alp_ovl.bmp_6caebe23bde6080a351ba6c3fd17f622,d - substance\vs01a\exit_alp_ovl.bmp_6caebe23bde6080a351ba6c3fd17f622.png
vr2_dankon2_add_alp.bmp,d - substance\vs01a\vr2_dankon2_add_alp.bmp.png
vr2_dankon1_add_alp.bmp,d - substance\vs01a\vr2_dankon1_add_alp.bmp.png
lockon_octa_add_alp.bmp,d - substance\vs01a\lockon_octa_add_alp.bmp.png
